date,n1,n2,n3,n4,n5,n6,superzahl
1955-10-09,3,12,13,16,23,41,
1955-10-16,3,12,18,30,32,49,
1955-10-23,12,14,23,24,34,36,
1955-10-30,4,13,23,30,36,44,
1955-11-06,5,6,31,39,44,49,
1955-11-13,6,18,22,29,37,44,
1955-11-20,4,8,12,16,27,44,
1955-11-27,9,24,26,37,44,46,
1955-12-04,5,20,21,26,31,47,
1955-12-11,8,10,22,26,31,37,
1955-12-18,8,14,26,36,39,42,
1955-12-25,5,9,34,38,39,42,
1956-01-01,4,22,27,36,38,46,
1956-01-08,6,21,22,37,41,42,
1956-01-15,1,9,16,19,29,49,
1956-01-22,12,17,23,27,35,40,
1956-01-29,5,6,18,22,38,43,
1956-02-05,12,26,35,36,42,43,
1956-02-12,1,14,23,27,30,33,
1956-02-19,8,20,26,35,38,42,
1956-02-26,1,30,32,42,45,48,
1956-03-04,4,6,17,19,41,47,
1956-03-11,6,9,20,22,26,28,
1956-03-18,3,10,24,26,38,49,
1956-03-25,3,16,18,19,37,42,
1956-04-02,7,10,22,25,32,43,
1956-04-08,2,19,25,30,32,39,
1956-04-15,1,12,14,31,32,46,
1956-04-22,10,19,21,24,33,35,
1956-04-29,4,18,34,36,40,47,
1956-05-06,1,3,39,41,45,49,
1956-05-13,4,31,32,34,39,43,
1956-05-21,6,12,22,31,37,42,
1956-05-27,5,33,35,36,38,43,
1956-06-03,11,17,33,34,35,36,
1956-06-10,10,14,16,23,40,46,
1956-06-17,5,19,25,38,41,46,
1956-06-24,14,16,18,32,37,43,
1956-07-01,5,13,21,25,35,44,
1956-07-08,3,20,42,43,47,48,
1956-07-15,12,17,19,23,34,48,
1956-07-22,5,8,10,18,38,48,
1956-07-29,9,10,17,23,27,35,
1956-08-05,9,23,25,31,40,46,
1956-08-12,4,10,11,26,31,47,
1956-08-19,5,6,14,33,34,40,
1956-08-26,3,11,16,25,29,36,
1956-09-02,14,26,31,40,48,49,
1956-09-09,15,22,27,28,42,47,
1956-09-16,4,8,17,18,23,42,
1956-09-23,5,6,9,21,22,31,
1956-09-30,9,10,24,27,36,39,
1956-10-07,6,9,29,33,36,44,
1956-10-14,10,11,12,25,32,42,
1956-10-21,1,2,22,36,41,48,
1956-10-28,5,17,29,39,47,49,
1956-11-04,7,16,19,33,38,39,
1956-11-11,7,14,29,34,36,49,
1956-11-18,14,16,28,37,39,40,
1956-11-25,6,9,16,25,36,44,
1956-12-02,9,10,15,21,27,47,
1956-12-09,6,7,11,13,32,43,
1956-12-16,15,17,20,23,31,35,
1956-12-23,1,5,13,45,47,49,
1957-01-06,11,17,23,26,31,38,
1957-01-13,4,15,16,17,19,20,
1957-01-20,3,6,7,12,33,47,
1957-01-27,2,6,9,28,39,49,
1957-02-03,6,12,30,34,39,43,
1957-02-10,9,17,18,19,31,49,
1957-02-17,1,9,15,31,35,42,
1957-02-24,2,15,16,23,28,43,
1957-03-03,4,9,11,34,36,45,
1957-03-10,2,7,18,35,36,45,
1957-03-17,3,14,24,32,35,44,
1957-03-24,14,18,22,31,45,48,
1957-03-31,20,26,27,30,44,47,
1957-04-07,2,14,18,31,40,48,
1957-04-14,6,15,18,28,39,44,
1957-04-22,11,27,35,39,44,45,
1957-04-28,18,20,23,33,37,43,
1957-05-05,2,4,22,27,31,41,
1957-05-12,15,17,21,24,31,40,
1957-05-19,16,20,28,29,30,44,
1957-05-26,1,3,24,35,40,45,
1957-06-02,3,4,14,29,32,37,
1957-06-10,1,7,8,32,35,47,
1957-06-16,14,21,30,34,38,44,
1957-06-23,4,8,10,12,19,25,
1957-06-30,15,23,31,36,37,46,
1957-07-07,5,6,11,14,22,26,
1957-07-14,28,30,34,40,41,44,
1957-07-21,1,2,3,23,42,44,
1957-07-28,1,9,20,25,27,34,
1957-08-04,6,8,17,42,43,48,
1957-08-11,13,26,29,33,36,39,
1957-08-18,3,8,14,40,41,48,
1957-08-25,24,30,31,36,38,42,
1957-09-01,2,4,7,27,40,47,
1957-09-08,12,20,21,27,38,40,
1957-09-15,12,19,24,28,34,37,
1957-09-22,7,9,10,25,33,35,
1957-09-29,13,20,21,22,26,42,
1957-10-06,6,9,11,25,26,31,
1957-10-13,1,14,29,30,41,49,
1957-10-20,2,24,27,35,36,42,
1957-10-27,2,4,9,18,22,23,
1957-11-03,3,11,26,45,46,49,
1957-11-10,16,20,24,30,45,46,
1957-11-17,8,20,22,24,34,49,
1957-11-24,1,3,14,23,25,26,
1957-12-01,9,11,26,27,36,46,
1957-12-08,3,26,32,43,45,47,
1957-12-15,7,11,18,22,27,39,
1957-12-22,4,7,22,23,28,33,
1957-12-29,14,34,36,45,46,47,
1958-01-05,6,10,15,21,36,44,
1958-01-12,9,19,22,23,36,37,
1958-01-19,3,12,14,30,32,34,
1958-01-26,4,6,7,23,27,41,
1958-02-02,4,34,38,39,46,48,
1958-02-09,25,30,37,40,43,45,
1958-02-16,8,15,21,36,37,45,
1958-02-23,2,3,12,17,19,26,
1958-03-02,9,11,21,24,27,48,
1958-03-09,5,10,11,20,36,49,
1958-03-16,2,6,8,17,18,35,
1958-03-23,5,20,22,27,39,43,
1958-03-30,22,28,30,34,38,46,
1958-04-07,23,24,29,36,44,49,
1958-04-13,10,13,16,28,29,47,
1958-04-20,3,5,22,25,27,49,
1958-04-27,1,9,21,25,30,38,
1958-05-04,10,15,31,32,38,48,
1958-05-11,2,7,25,32,36,38,
1958-05-18,18,21,26,34,41,49,
1958-05-25,3,6,8,29,37,38,
1958-06-01,24,25,30,31,33,43,
1958-06-08,8,9,32,34,46,48,
1958-06-15,13,24,30,32,33,46,
1958-06-22,17,24,26,30,32,37,
1958-06-29,8,9,10,15,27,36,
1958-07-06,6,28,31,33,39,46,
1958-07-13,17,18,19,21,36,49,
1958-07-20,3,4,29,30,44,49,
1958-07-27,17,35,41,42,47,48,
1958-08-03,10,14,18,24,46,48,
1958-08-10,9,14,22,26,34,36,
1958-08-17,1,10,17,20,29,39,
1958-08-24,18,28,35,37,42,45,
1958-08-31,14,19,21,31,32,45,
1958-09-07,13,21,37,44,45,47,
1958-09-14,1,5,9,33,35,40,
1958-09-21,1,7,13,14,20,32,
1958-09-28,9,22,27,35,39,46,
1958-10-05,2,4,8,30,38,44,
1958-10-12,6,16,19,20,25,33,
1958-10-19,4,6,45,46,48,49,
1958-10-26,6,21,30,33,34,36,
1958-11-02,7,8,13,29,47,49,
1958-11-09,8,11,12,18,44,46,
1958-11-16,11,21,22,25,45,47,
1958-11-23,4,18,19,22,25,49,
1958-11-30,11,18,19,44,46,49,
1958-12-07,1,4,13,17,27,28,
1958-12-14,9,11,13,26,31,48,
1958-12-21,6,9,15,17,40,45,
1958-12-28,12,14,19,41,44,49,
1959-01-04,2,13,27,34,41,46,
1959-01-11,7,18,28,44,45,46,
1959-01-18,2,4,6,40,41,43,
1959-01-25,5,27,28,41,44,47,
1959-02-01,1,6,25,26,33,41,
1959-02-08,6,11,13,15,25,33,
1959-02-15,6,8,11,25,29,33,
1959-02-22,5,18,29,44,47,49,
1959-03-01,2,18,21,33,37,46,
1959-03-08,1,10,11,16,36,39,
1959-03-15,14,21,29,37,40,48,
1959-03-22,5,19,26,34,43,49,
1959-03-29,7,10,16,23,35,49,
1959-04-05,2,18,19,23,35,39,
1959-04-12,2,28,33,39,42,48,
1959-04-19,4,16,20,22,28,46,
1959-04-26,1,8,14,15,21,40,
1959-05-03,5,7,30,31,35,46,
1959-05-10,14,19,22,42,43,44,
1959-05-17,1,7,27,41,46,49,
1959-05-24,1,4,5,19,28,41,
1959-05-31,8,17,22,25,44,49,
1959-06-07,10,11,21,23,42,44,
1959-06-14,17,19,28,30,32,41,
1959-06-21,10,23,24,28,35,42,
1959-06-28,3,4,21,34,42,43,
1959-07-05,2,9,18,36,44,49,
1959-07-12,23,25,29,31,35,46,
1959-07-19,2,9,13,26,40,46,
1959-07-26,14,30,31,34,38,48,
1959-08-02,6,14,24,37,45,48,
1959-08-09,9,11,26,33,35,36,
1959-08-16,9,13,15,16,28,31,
1959-08-23,2,13,19,31,41,42,
1959-08-30,11,14,16,33,35,36,
1959-09-06,3,8,9,18,26,29,
1959-09-13,1,9,15,16,23,44,
1959-09-20,11,26,31,45,46,48,
1959-09-27,1,9,22,24,30,32,
1959-10-04,15,16,17,19,21,29,
1959-10-11,5,6,17,31,34,39,
1959-10-18,2,11,19,38,40,45,
1959-10-25,6,18,19,26,29,39,
1959-11-01,12,18,25,29,33,37,
1959-11-08,19,20,31,36,38,45,
1959-11-15,3,7,23,29,35,37,
1959-11-22,4,15,23,38,43,47,
1959-11-29,3,4,5,14,34,49,
1959-12-06,1,2,20,21,29,37,
1959-12-13,5,14,20,32,43,45,
1959-12-20,20,22,25,27,40,42,
1959-12-27,8,17,25,31,47,48,
1960-01-03,9,39,40,42,43,48,
1960-01-10,22,27,28,33,36,41,
1960-01-17,7,14,15,24,33,49,
1960-01-24,22,37,42,43,45,48,
1960-01-31,4,29,30,40,41,49,
1960-02-07,8,13,20,33,41,48,
1960-02-14,10,12,22,26,28,45,
1960-02-21,1,12,14,25,26,45,
1960-02-28,3,4,12,13,20,24,
1960-03-06,2,6,25,34,44,48,
1960-03-13,19,28,32,41,43,46,
1960-03-20,26,33,43,45,47,48,
1960-03-27,4,5,19,22,32,42,
1960-04-03,9,10,22,25,30,47,
1960-04-10,3,7,15,39,43,47,
1960-04-18,3,17,36,39,44,48,
1960-04-24,4,17,25,33,40,42,
1960-05-01,12,14,22,35,39,45,
1960-05-08,3,9,28,32,33,41,
1960-05-15,7,14,22,36,41,46,
1960-05-22,6,8,14,28,32,36,
1960-05-29,2,26,28,29,32,39,
1960-06-06,24,31,32,40,44,48,
1960-06-12,10,15,24,27,31,34,
1960-06-19,14,19,24,31,40,41,
1960-06-26,8,10,13,27,39,49,
1960-07-03,4,17,21,23,34,49,
1960-07-10,15,16,21,23,35,43,
1960-07-17,12,20,22,29,30,49,
1960-07-24,4,13,22,23,29,44,
1960-07-31,5,18,25,32,33,38,
1960-08-07,13,27,34,35,43,48,
1960-08-14,4,7,14,25,30,38,
1960-08-21,6,10,11,12,19,43,
1960-08-28,12,24,28,31,37,39,
1960-09-04,11,22,27,45,46,48,
1960-09-11,23,25,32,41,42,46,
1960-09-18,3,19,22,25,29,45,
1960-09-25,7,8,17,18,33,48,
1960-10-02,3,4,12,16,19,31,
1960-10-09,12,20,24,30,38,45,
1960-10-16,5,14,22,25,29,38,
1960-10-23,5,6,18,29,31,48,
1960-10-30,8,24,35,41,47,49,
1960-11-06,3,9,10,18,19,24,
1960-11-13,4,15,20,30,41,47,
1960-11-20,13,14,19,33,36,42,
1960-11-27,1,14,20,27,46,47,
1960-12-04,3,4,5,13,18,22,
1960-12-11,12,23,24,26,32,34,
1960-12-18,1,5,8,45,46,47,
1960-12-26,8,20,36,40,42,47,
1961-01-01,8,11,15,27,42,49,
1961-01-08,10,13,20,30,38,39,
1961-01-15,10,14,16,23,35,37,
1961-01-22,4,6,15,38,47,49,
1961-01-29,6,10,18,37,45,47,
1961-02-05,15,16,18,25,37,43,
1961-02-12,5,16,32,38,41,42,
1961-02-19,5,13,15,36,44,49,
1961-02-26,6,13,18,26,35,36,
1961-03-05,1,2,8,9,25,28,
1961-03-12,8,13,21,24,26,28,
1961-03-19,2,32,34,40,41,48,
1961-03-26,6,7,9,12,15,40,
1961-04-03,6,9,32,33,38,40,
1961-04-09,3,17,20,21,26,31,
1961-04-16,4,23,27,28,29,38,
1961-04-23,15,16,17,30,38,40,
1961-04-30,1,8,19,23,40,46,
1961-05-07,3,18,22,27,34,39,
1961-05-14,5,7,18,21,22,43,
1961-05-22,7,9,21,31,35,45,
1961-05-28,14,24,41,43,45,48,
1961-06-04,1,2,11,15,36,41,
1961-06-11,2,5,25,29,39,47,
1961-06-18,5,9,21,22,34,47,
1961-06-25,14,23,28,29,36,40,
1961-07-02,1,17,25,29,37,42,
1961-07-09,1,11,18,25,26,33,
1961-07-16,1,2,19,32,42,48,
1961-07-23,3,5,15,28,42,43,
1961-07-30,2,12,35,41,47,49,
1961-08-06,12,15,25,28,32,43,
1961-08-13,9,12,23,28,31,38,
1961-08-20,9,25,31,33,34,48,
1961-08-27,11,15,17,18,33,44,
1961-09-03,2,10,15,20,32,35,
1961-09-10,5,11,13,15,16,29,
1961-09-17,1,10,20,27,37,49,
1961-09-24,5,7,10,13,16,18,
1961-10-01,4,14,23,29,33,36,
1961-10-08,1,4,31,33,35,48,
1961-10-15,7,12,14,17,19,44,
1961-10-22,25,31,40,45,47,48,
1961-10-29,4,16,22,33,35,40,
1961-11-05,5,6,9,33,41,44,
1961-11-12,11,12,18,27,33,49,
1961-11-19,8,13,14,30,32,44,
1961-11-26,1,2,20,37,39,40,
1961-12-03,7,8,16,17,25,27,
1961-12-10,5,10,23,29,39,47,
1961-12-17,5,13,21,25,32,49,
1961-12-26,4,22,31,32,36,42,
1961-12-31,1,2,9,24,26,27,
1962-01-07,1,11,20,33,35,37,
1962-01-14,9,12,19,22,26,27,
1962-01-21,3,5,33,37,45,47,
1962-01-28,5,20,37,41,48,49,
1962-02-04,7,17,25,26,33,44,
1962-02-11,9,18,23,27,29,40,
1962-02-18,14,28,31,33,39,42,
1962-02-25,9,11,29,32,36,38,
1962-03-04,2,17,19,25,45,48,
1962-03-11,4,19,21,33,43,45,
1962-03-18,1,12,14,16,21,22,
1962-03-25,24,25,27,38,44,45,
1962-04-01,10,12,26,28,32,35,
1962-04-08,4,9,10,25,27,32,
1962-04-15,4,24,37,39,44,46,
1962-04-23,7,29,35,36,39,42,
1962-04-29,21,27,34,45,48,49,
1962-05-06,12,13,17,28,44,47,
1962-05-13,3,4,10,34,40,47,
1962-05-20,1,19,26,27,32,48,
1962-05-27,2,3,11,25,27,35,
1962-06-03,15,19,22,25,31,33,
1962-06-11,13,19,23,29,36,38,
1962-06-17,2,13,23,25,27,34,
1962-06-24,6,10,15,18,30,48,
1962-07-01,10,14,17,32,33,36,
1962-07-08,10,13,15,16,24,46,
1962-07-15,9,13,28,35,46,47,
1962-07-22,2,6,11,12,38,40,
1962-07-29,1,4,14,26,44,48,
1962-08-05,6,33,35,39,45,47,
1962-08-12,3,8,17,19,43,48,
1962-08-19,10,11,23,30,41,44,
1962-08-26,6,18,26,32,35,48,
1962-09-02,7,8,12,23,39,44,
1962-09-09,8,9,14,28,37,47,
1962-09-16,5,15,21,22,36,39,
1962-09-23,14,22,34,38,40,48,
1962-09-30,6,7,13,16,36,48,
1962-10-07,2,25,30,32,38,49,
1962-10-14,6,7,9,15,20,25,
1962-10-21,1,2,11,27,41,46,
1962-10-28,10,16,24,25,47,49,
1962-11-04,14,18,19,26,31,41,
1962-11-11,6,9,10,22,41,46,
1962-11-18,1,4,11,19,35,43,
1962-11-25,18,22,28,44,48,49,
1962-12-02,15,16,17,29,32,42,
1962-12-09,3,21,37,42,46,47,
1962-12-16,6,7,15,33,42,47,
1962-12-23,20,27,32,37,43,48,
1962-12-30,1,15,21,23,24,37,
1963-01-06,4,6,16,20,23,30,
1963-01-13,1,14,25,26,38,41,
1963-01-20,4,13,19,33,43,46,
1963-01-27,11,14,30,37,46,48,
1963-02-03,15,16,18,27,31,36,
1963-02-10,10,11,13,25,26,30,
1963-02-17,9,35,42,43,44,46,
1963-02-24,11,13,15,17,41,45,
1963-03-03,9,11,22,26,35,39,
1963-03-10,8,19,26,27,41,47,
1963-03-17,11,12,21,39,41,44,
1963-03-24,10,18,25,45,48,49,
1963-03-31,1,10,18,25,27,29,
1963-04-07,1,2,6,23,38,44,
1963-04-15,5,18,25,32,40,45,
1963-04-21,2,20,27,31,37,49,
1963-04-28,28,34,36,43,46,48,
1963-05-05,7,11,17,19,26,36,
1963-05-12,3,6,20,27,30,35,
1963-05-19,4,5,10,11,21,34,
1963-05-26,28,31,34,37,42,46,
1963-06-03,6,12,20,38,44,49,
1963-06-09,11,15,27,30,31,39,
1963-06-16,5,19,22,23,35,38,
1963-06-23,7,24,35,36,43,47,
1963-06-30,3,17,19,29,40,46,
1963-07-07,6,12,22,31,48,49,
1963-07-14,1,23,24,30,37,38,
1963-07-21,7,12,19,24,31,32,
1963-07-28,4,8,28,30,40,44,
1963-08-04,17,23,30,31,38,48,
1963-08-11,2,8,19,20,23,37,
1963-08-18,6,9,11,36,37,45,
1963-08-25,4,8,22,24,26,38,
1963-09-01,7,26,30,34,38,40,
1963-09-08,23,26,30,34,44,48,
1963-09-15,14,19,21,28,44,46,
1963-09-22,11,14,17,23,29,45,
1963-09-29,2,3,11,29,37,46,
1963-10-06,1,7,11,28,39,40,
1963-10-13,18,19,32,34,35,43,
1963-10-20,3,4,12,26,30,32,
1963-10-27,3,10,11,21,26,43,
1963-11-03,5,17,23,33,34,38,
1963-11-10,4,14,18,25,31,38,
1963-11-17,13,24,28,31,32,40,
1963-11-24,7,10,17,30,36,40,
1963-12-01,14,15,27,32,37,45,
1963-12-08,7,20,22,24,33,37,
1963-12-15,1,7,9,19,31,36,
1963-12-22,2,12,16,21,29,37,
1963-12-29,5,6,9,16,29,36,
1964-01-05,16,34,38,40,42,43,
1964-01-12,1,8,21,28,38,42,
1964-01-19,6,28,32,34,47,48,
1964-01-26,7,14,17,30,36,43,
1964-02-02,2,3,11,21,26,46,
1964-02-09,7,10,18,25,29,32,
1964-02-16,7,21,22,28,39,47,
1964-02-23,2,16,21,26,32,47,
1964-03-01,3,15,23,35,37,44,
1964-03-08,1,16,26,32,35,41,
1964-03-15,10,16,17,25,31,43,
1964-03-22,2,9,10,13,24,39,
1964-03-30,18,22,25,36,41,47,
1964-04-05,1,23,24,28,30,42,
1964-04-12,13,15,25,32,42,48,
1964-04-19,10,21,23,37,39,41,
1964-04-26,19,28,38,39,40,46,
1964-05-03,4,5,9,43,47,49,
1964-05-10,11,12,19,32,34,48,
1964-05-18,5,9,33,35,42,48,
1964-05-24,6,11,13,31,34,43,
1964-05-31,1,21,22,38,45,49,
1964-06-07,4,5,9,32,37,45,
1964-06-14,1,22,23,29,39,49,
1964-06-21,14,27,33,37,39,48,
1964-06-28,5,10,11,22,27,37,
1964-07-05,10,12,13,22,23,49,
1964-07-12,1,18,35,36,47,49,
1964-07-19,3,12,24,37,38,46,
1964-07-26,31,34,37,41,44,48,
1964-08-02,16,34,36,40,45,47,
1964-08-09,9,16,34,36,38,41,
1964-08-16,6,14,23,36,45,46,
1964-08-23,12,16,20,32,37,45,
1964-08-30,4,17,31,35,36,40,
1964-09-06,34,36,38,41,43,45,
1964-09-13,1,4,6,20,24,27,
1964-09-20,18,21,32,39,42,43,
1964-09-27,9,22,26,29,41,42,
1964-10-04,8,20,25,35,46,47,
1964-10-11,2,23,34,38,42,46,
1964-10-18,1,6,17,33,34,44,
1964-10-25,14,16,18,19,29,39,
1964-11-01,1,14,22,30,36,40,
1964-11-08,2,18,21,26,32,41,
1964-11-15,3,9,23,24,33,38,
1964-11-22,5,9,22,33,39,46,
1964-11-29,5,11,17,31,32,40,
1964-12-06,2,4,8,23,33,45,
1964-12-13,10,17,28,30,36,49,
1964-12-20,15,20,29,30,39,46,
1964-12-27,15,16,21,35,37,47,
1965-01-03,7,13,23,25,33,43,
1965-01-10,4,8,10,12,15,35,
1965-01-17,7,9,17,18,27,47,
1965-01-24,13,18,24,31,38,46,
1965-01-31,10,26,29,32,34,42,
1965-02-07,5,8,13,23,29,49,
1965-02-14,3,13,33,37,42,47,
1965-02-21,6,9,28,36,46,49,
1965-02-28,8,15,18,27,30,35,
1965-03-07,14,18,27,33,38,42,
1965-03-14,3,4,19,34,43,49,
1965-03-21,9,29,33,39,43,45,
1965-03-28,9,13,16,34,36,37,
1965-04-04,6,15,27,28,34,46,
1965-04-11,2,4,16,23,26,30,
1965-04-19,1,2,3,5,47,48,
1965-04-25,1,14,22,27,30,42,
1965-05-02,10,23,31,34,45,49,
1965-05-09,4,29,31,36,37,49,
1965-05-16,11,12,21,37,41,47,
1965-05-23,2,23,27,31,39,45,
1965-05-30,4,9,11,24,29,31,
1965-06-07,1,5,15,29,33,38,
1965-06-13,6,12,15,23,27,47,
1965-06-20,3,16,20,21,29,32,
1965-06-27,3,24,37,38,47,49,
1965-07-04,8,12,17,19,21,25,
1965-07-11,9,10,17,33,46,47,
1965-07-18,7,9,15,25,38,46,
1965-07-25,4,19,20,27,32,40,
1965-08-01,8,13,17,31,41,44,
1965-08-08,19,22,31,32,44,48,
1965-08-15,3,5,12,25,32,48,
1965-08-22,3,4,6,12,21,43,
1965-08-29,2,16,17,38,39,44,
1965-09-04,13,21,35,36,45,46,
1965-09-11,13,19,21,25,31,37,
1965-09-18,8,31,37,38,42,43,
1965-09-25,4,8,15,17,44,48,
1965-10-02,2,11,17,33,34,38,
1965-10-09,12,15,22,24,32,34,
1965-10-16,6,9,22,31,35,36,
1965-10-23,2,15,24,32,39,44,
1965-10-30,6,9,18,26,46,48,
1965-11-06,2,5,18,23,40,47,
1965-11-13,6,14,35,43,44,46,
1965-11-20,6,17,20,36,45,48,
1965-11-27,8,21,24,27,42,44,
1965-12-04,1,12,13,14,33,48,
1965-12-11,10,15,32,41,42,48,
1965-12-18,11,20,23,29,33,48,
1965-12-25,5,21,25,35,36,48,
1966-01-01,6,20,24,30,39,47,
1966-01-08,5,9,10,20,37,46,
1966-01-15,8,19,28,36,39,40,
1966-01-22,5,25,30,36,38,49,
1966-01-29,5,8,29,32,39,47,
1966-02-05,1,2,8,19,26,39,
1966-02-12,19,33,34,41,42,46,
1966-02-19,3,7,18,39,44,47,
1966-02-26,9,24,29,30,34,45,
1966-03-05,7,10,16,24,29,44,
1966-03-12,28,29,30,34,44,46,
1966-03-19,8,14,19,38,41,43,
1966-03-26,5,22,27,30,40,44,
1966-04-02,2,6,21,29,37,39,
1966-04-09,15,25,26,28,39,41,
1966-04-16,6,15,20,26,28,30,
1966-04-23,19,26,36,40,41,42,
1966-04-30,8,21,34,35,39,43,
1966-05-07,1,4,8,19,31,39,
1966-05-14,5,9,20,22,36,49,
1966-05-21,5,17,30,35,45,49,
1966-05-28,9,31,36,37,40,45,
1966-06-04,4,8,23,31,45,48,
1966-06-11,2,3,6,12,19,22,
1966-06-18,4,5,20,27,33,45,
1966-06-25,17,18,21,24,33,34,
1966-07-02,19,28,33,36,38,46,
1966-07-09,15,21,28,36,37,42,
1966-07-16,11,22,39,41,43,49,
1966-07-23,5,10,12,26,33,47,
1966-07-30,4,10,12,32,37,41,
1966-08-06,1,7,23,38,40,49,
1966-08-13,3,23,24,27,34,40,
1966-08-20,5,10,30,38,45,47,
1966-08-27,5,12,18,25,40,48,
1966-09-03,6,12,21,33,42,43,
1966-09-10,16,21,27,28,34,49,
1966-09-17,14,21,24,28,38,48,
1966-09-24,1,14,16,26,35,44,
1966-10-01,10,14,16,21,23,45,
1966-10-08,13,28,31,33,34,35,
1966-10-15,4,20,28,35,40,44,
1966-10-22,1,6,13,17,42,44,
1966-10-29,29,35,37,39,42,44,
1966-11-05,11,18,25,42,43,46,
1966-11-12,1,13,16,27,33,49,
1966-11-19,8,18,22,27,29,45,
1966-11-26,9,17,30,33,42,43,
1966-12-03,5,10,11,12,17,41,
1966-12-10,5,8,29,34,45,49,
1966-12-17,18,21,38,39,40,41,
1966-12-25,10,15,16,19,21,32,
1967-01-01,2,20,33,40,41,43,
1967-01-07,4,12,18,21,31,32,
1967-01-14,2,5,6,7,22,47,
1967-01-21,4,10,17,31,36,44,
1967-01-28,6,7,18,21,35,39,
1967-02-04,7,8,11,26,34,42,
1967-02-11,3,22,25,29,45,47,
1967-02-18,3,7,12,33,44,49,
1967-02-25,3,16,22,27,32,42,
1967-03-04,19,23,27,45,47,49,
1967-03-11,5,9,19,36,39,42,
1967-03-18,4,7,21,22,23,44,
1967-03-25,7,20,27,29,42,48,
1967-04-01,14,21,24,31,34,48,
1967-04-08,1,2,18,26,43,45,
1967-04-15,11,12,22,34,44,48,
1967-04-22,6,12,16,18,29,49,
1967-04-29,7,19,23,33,38,42,
1967-05-06,2,8,18,30,41,44,
1967-05-13,21,26,29,30,39,49,
1967-05-20,5,18,20,29,34,43,
1967-05-27,2,32,35,39,46,49,
1967-06-03,2,3,18,20,37,42,
1967-06-10,17,21,30,44,45,49,
1967-06-17,7,23,37,40,43,48,
1967-06-24,3,8,16,18,31,43,
1967-07-01,1,13,20,30,34,45,
1967-07-08,9,12,19,30,33,49,
1967-07-15,1,7,22,24,32,49,
1967-07-22,4,9,10,19,30,43,
1967-07-29,2,3,30,32,40,41,
1967-08-05,2,14,21,26,41,45,
1967-08-12,3,8,9,13,34,38,
1967-08-19,2,5,13,19,22,23,
1967-08-26,13,21,22,38,40,48,
1967-09-02,12,22,25,38,43,44,
1967-09-09,7,15,16,32,35,36,
1967-09-16,3,9,15,20,21,36,
1967-09-23,3,19,26,36,43,45,
1967-09-30,2,20,35,36,37,49,
1967-10-07,1,14,19,29,32,42,
1967-10-14,22,24,28,36,44,45,
1967-10-21,1,15,20,22,23,26,
1967-10-28,2,9,13,25,47,48,
1967-11-04,6,9,11,21,39,40,
1967-11-11,11,22,29,38,41,42,
1967-11-18,2,9,19,28,38,46,
1967-11-25,3,9,10,24,31,48,
1967-12-02,6,13,17,33,41,46,
1967-12-09,2,12,20,32,33,43,
1967-12-16,6,8,21,27,30,36,
1967-12-23,11,12,18,29,38,39,
1967-12-30,11,14,26,30,41,44,
1968-01-06,11,14,15,19,34,49,
1968-01-13,14,18,29,30,39,43,
1968-01-20,2,14,16,24,30,47,
1968-01-27,5,8,19,27,28,40,
1968-02-03,4,8,10,25,36,39,
1968-02-10,6,11,23,34,44,48,
1968-02-17,6,25,37,38,39,42,
1968-02-24,7,12,17,24,30,38,
1968-03-02,1,7,10,21,23,30,
1968-03-09,2,21,22,31,40,44,
1968-03-16,11,13,22,26,29,43,
1968-03-23,5,11,15,18,28,41,
1968-03-30,7,17,23,40,46,49,
1968-04-06,16,32,35,39,47,48,
1968-04-13,2,15,16,29,42,46,
1968-04-20,2,13,31,32,38,47,
1968-04-27,11,12,26,43,45,46,
1968-05-04,7,9,10,15,32,33,
1968-05-11,8,14,15,21,27,39,
1968-05-18,1,18,26,32,39,41,
1968-05-25,9,21,29,31,37,43,
1968-06-01,21,34,40,43,47,48,
1968-06-08,12,16,19,24,25,39,
1968-06-15,12,20,33,36,41,46,
1968-06-22,11,18,20,31,39,43,
1968-06-29,25,28,41,43,46,47,
1968-07-06,8,21,24,46,48,49,
1968-07-13,8,11,17,19,31,41,
1968-07-20,24,26,27,43,45,46,
1968-07-27,2,9,11,29,32,35,
1968-08-03,6,16,22,26,28,47,
1968-08-10,3,14,28,32,40,49,
1968-08-17,1,14,31,40,42,46,
1968-08-24,9,12,25,26,28,45,
1968-08-31,3,10,17,32,39,42,
1968-09-07,6,8,33,35,36,40,
1968-09-14,17,21,34,38,45,47,
1968-09-21,5,11,14,26,28,29,
1968-09-28,16,21,22,37,42,49,
1968-10-05,3,13,19,20,24,35,
1968-10-12,27,28,30,39,44,47,
1968-10-19,10,12,17,29,39,40,
1968-10-26,8,10,21,30,40,43,
1968-11-02,4,8,9,16,22,25,
1968-11-09,10,14,18,35,40,45,
1968-11-16,2,17,19,23,28,41,
1968-11-23,1,8,12,27,30,41,
1968-11-30,28,31,36,39,44,48,
1968-12-07,4,10,32,33,36,41,
1968-12-14,4,5,30,39,40,48,
1968-12-21,2,3,8,34,35,38,
1968-12-28,2,16,17,18,26,37,
1969-01-04,3,12,16,36,38,39,
1969-01-11,2,15,20,33,39,40,
1969-01-18,14,15,35,36,37,40,
1969-01-25,5,9,10,38,40,49,
1969-02-01,2,9,10,11,24,35,
1969-02-08,5,22,24,33,38,42,
1969-02-15,14,15,19,21,33,38,
1969-02-22,20,26,27,37,40,45,
1969-03-01,6,21,29,33,43,45,
1969-03-08,9,21,36,41,42,48,
1969-03-15,1,4,15,28,30,41,
1969-03-22,9,11,32,41,45,49,
1969-03-29,15,17,27,29,30,41,
1969-04-05,16,25,27,32,35,46,
1969-04-12,15,16,31,40,43,47,
1969-04-19,8,9,19,24,34,43,
1969-04-26,2,23,34,40,45,49,
1969-05-03,1,18,25,26,46,48,
1969-05-10,14,21,25,34,48,49,
1969-05-17,3,10,13,27,46,48,
1969-05-24,4,11,12,13,32,48,
1969-05-31,17,26,29,40,43,47,
1969-06-07,3,12,22,30,45,49,
1969-06-14,2,15,18,24,36,48,
1969-06-21,8,20,25,31,40,47,
1969-06-28,3,11,17,20,41,46,
1969-07-05,9,21,22,40,43,45,
1969-07-12,1,10,20,22,26,40,
1969-07-19,11,14,32,34,44,46,
1969-07-26,13,21,26,44,48,49,
1969-08-02,7,14,24,33,43,49,
1969-08-09,5,8,22,25,31,49,
1969-08-16,1,14,17,33,38,47,
1969-08-23,6,10,23,33,36,40,
1969-08-30,3,4,15,25,28,49,
1969-09-06,11,12,33,36,39,40,
1969-09-13,12,22,26,27,40,41,
1969-09-20,5,9,18,24,25,38,
1969-09-27,10,33,39,43,46,48,
1969-10-04,3,11,15,21,29,37,
1969-10-11,2,4,6,7,20,39,
1969-10-18,8,14,17,27,36,45,
1969-10-25,4,7,12,14,19,36,
1969-11-01,7,10,19,28,32,38,
1969-11-08,3,10,15,18,21,46,
1969-11-15,4,12,18,21,38,42,
1969-11-22,29,36,37,38,39,49,
1969-11-29,1,6,23,29,32,38,
1969-12-06,9,22,34,38,41,45,
1969-12-13,7,10,31,39,44,45,
1969-12-20,6,8,13,15,48,49,
1969-12-27,3,9,12,29,35,49,
1970-01-03,2,17,24,40,42,43,
1970-01-10,13,21,22,25,40,43,
1970-01-17,15,17,21,35,44,45,
1970-01-24,2,5,16,24,45,48,
1970-01-31,6,11,35,36,38,44,
1970-02-07,3,19,24,38,41,44,
1970-02-14,6,12,19,23,33,46,
1970-02-21,3,6,14,29,31,49,
1970-02-28,7,16,32,38,46,48,
1970-03-07,14,23,24,25,36,38,
1970-03-14,3,6,7,10,25,28,
1970-03-21,5,21,22,28,38,44,
1970-03-28,2,11,14,18,34,46,
1970-04-04,5,17,28,29,38,39,
1970-04-11,6,8,24,29,32,49,
1970-04-18,4,7,12,17,35,36,
1970-04-25,5,11,12,15,25,48,
1970-05-02,12,14,18,24,44,48,
1970-05-09,3,5,14,36,39,43,
1970-05-16,3,5,6,32,38,39,
1970-05-23,10,14,26,42,46,48,
1970-05-30,19,24,33,39,44,46,
1970-06-06,2,18,30,31,46,47,
1970-06-13,1,2,9,19,27,49,
1970-06-20,15,21,23,38,44,49,
1970-06-27,4,10,13,19,29,30,
1970-07-04,1,11,14,21,45,49,
1970-07-11,9,30,35,41,44,48,
1970-07-18,20,22,25,32,44,49,
1970-07-25,2,16,22,24,37,40,
1970-08-01,5,14,18,21,36,41,
1970-08-08,3,16,17,18,27,49,
1970-08-15,7,9,12,16,17,48,
1970-08-22,1,17,32,43,44,49,
1970-08-29,11,13,17,20,26,49,
1970-09-05,7,10,24,30,45,48,
1970-09-12,5,15,24,29,40,46,
1970-09-19,4,27,29,34,41,46,
1970-09-26,4,15,17,20,46,47,
1970-10-03,3,20,22,35,47,49,
1970-10-10,8,17,20,36,37,40,
1970-10-17,2,7,34,39,43,44,
1970-10-24,1,8,26,37,40,47,
1970-10-31,2,11,18,19,21,38,
1970-11-07,15,24,32,35,36,40,
1970-11-14,1,2,21,37,40,42,
1970-11-21,1,3,6,27,40,43,
1970-11-28,12,14,16,28,42,49,
1970-12-05,14,16,23,33,34,41,
1970-12-12,7,10,14,27,34,42,
1970-12-19,1,6,21,30,31,45,
1970-12-26,2,7,8,17,20,26,
1971-01-02,6,19,40,42,44,48,
1971-01-09,8,16,26,41,45,48,
1971-01-16,17,19,23,30,31,40,
1971-01-23,2,6,13,24,27,38,
1971-01-30,1,3,4,8,12,25,
1971-02-06,2,8,30,37,40,49,
1971-02-13,21,32,34,42,45,49,
1971-02-20,17,24,26,39,43,49,
1971-02-27,17,25,26,40,42,46,
1971-03-06,3,15,36,40,45,48,
1971-03-13,3,4,20,25,33,42,
1971-03-20,8,17,18,19,31,41,
1971-03-27,3,13,20,27,36,41,
1971-04-03,2,14,30,32,44,46,
1971-04-10,14,21,26,35,36,37,
1971-04-17,4,22,37,38,46,48,
1971-04-24,4,12,16,19,20,43,
1971-05-01,2,12,18,25,28,39,
1971-05-08,13,16,21,22,35,40,
1971-05-15,7,9,25,36,44,46,
1971-05-22,6,11,16,21,43,46,
1971-05-29,6,22,34,35,48,49,
1971-06-05,1,4,5,20,39,43,
1971-06-12,2,5,17,38,41,44,
1971-06-19,1,15,16,17,27,31,
1971-06-26,13,16,19,30,45,46,
1971-07-03,7,9,21,29,41,49,
1971-07-10,4,21,34,36,37,41,
1971-07-17,3,5,9,30,38,42,
1971-07-24,28,33,46,47,48,49,
1971-07-31,3,12,28,31,37,40,
1971-08-07,2,14,16,17,36,39,
1971-08-14,12,17,18,19,28,35,
1971-08-21,4,12,25,28,33,49,
1971-08-28,10,13,26,36,44,47,
1971-09-04,1,10,19,25,31,34,
1971-09-11,1,2,8,18,24,25,
1971-09-18,7,16,32,37,48,49,
1971-09-25,10,11,22,25,34,37,
1971-10-02,1,7,20,22,32,37,
1971-10-09,1,3,6,17,34,45,
1971-10-16,10,13,21,30,31,41,
1971-10-23,5,8,11,32,45,46,
1971-10-30,3,16,22,26,42,48,
1971-11-06,5,20,28,39,43,45,
1971-11-13,6,31,34,42,44,49,
1971-11-20,8,24,26,28,29,43,
1971-11-27,20,26,30,31,35,36,
1971-12-04,1,4,16,43,46,48,
1971-12-11,27,32,41,42,45,47,
1971-12-18,1,2,39,43,47,49,
1971-12-25,6,7,10,30,40,49,
1972-01-01,9,12,19,21,26,47,
1972-01-08,3,6,14,29,34,42,
1972-01-15,6,21,22,35,38,48,
1972-01-22,2,21,31,34,35,41,
1972-01-29,1,11,39,46,48,49,
1972-02-05,2,9,22,25,33,44,
1972-02-12,14,21,28,30,31,38,
1972-02-19,4,11,19,38,41,48,
1972-02-26,2,9,21,23,40,41,
1972-03-04,20,23,27,33,36,41,
1972-03-11,1,14,19,21,23,36,
1972-03-18,1,9,15,23,24,41,
1972-03-25,17,22,26,32,34,43,
1972-04-01,14,19,23,26,29,33,
1972-04-08,4,8,14,24,37,39,
1972-04-15,14,17,18,25,42,47,
1972-04-22,6,26,27,32,41,49,
1972-04-29,8,13,25,28,34,39,
1972-05-06,2,15,17,21,43,45,
1972-05-13,15,18,19,20,42,49,
1972-05-20,17,23,31,32,33,40,
1972-05-27,7,10,11,17,37,48,
1972-06-03,5,9,16,18,27,29,
1972-06-10,3,7,19,20,29,47,
1972-06-17,2,14,27,30,34,36,
1972-06-24,16,28,29,33,37,42,
1972-07-01,1,3,4,19,24,27,
1972-07-08,1,3,6,7,18,28,
1972-07-15,13,15,27,35,40,46,
1972-07-22,12,21,28,33,41,42,
1972-07-29,2,3,12,19,38,40,
1972-08-05,15,26,29,39,47,49,
1972-08-12,5,20,23,30,41,48,
1972-08-19,7,10,16,23,25,29,
1972-08-26,6,23,41,42,46,47,
1972-09-02,8,27,30,40,46,49,
1972-09-09,20,23,37,38,45,46,
1972-09-16,17,25,34,39,42,43,
1972-09-23,1,4,5,11,24,40,
1972-09-30,9,13,24,25,31,44,
1972-10-07,14,19,28,39,43,49,
1972-10-14,3,4,16,17,30,38,
1972-10-21,5,18,19,28,45,46,
1972-10-28,16,18,23,29,38,47,
1972-11-04,9,17,21,22,32,33,
1972-11-11,3,6,11,27,36,42,
1972-11-18,10,27,35,43,45,46,
1972-11-25,2,21,29,39,42,47,
1972-12-02,2,11,12,14,25,40,
1972-12-09,7,15,18,28,31,42,
1972-12-16,23,31,36,38,40,49,
1972-12-23,10,23,25,26,29,49,
1972-12-30,8,12,19,26,30,49,
1973-01-06,7,13,15,17,44,46,
1973-01-13,4,7,8,19,29,41,
1973-01-20,3,6,17,23,33,35,
1973-01-27,1,6,9,17,20,42,
1973-02-03,5,16,24,26,35,48,
1973-02-10,1,5,13,26,37,46,
1973-02-17,3,4,13,33,43,48,
1973-02-24,8,20,32,33,43,49,
1973-03-03,3,14,19,24,27,31,
1973-03-10,20,21,34,39,42,49,
1973-03-17,8,9,13,21,26,29,
1973-03-24,6,10,20,22,34,39,
1973-03-31,1,25,26,30,39,43,
1973-04-07,11,22,28,37,40,43,
1973-04-14,17,19,25,28,37,48,
1973-04-21,1,3,34,42,47,48,
1973-04-28,1,12,26,28,31,45,
1973-05-05,3,21,22,23,31,46,
1973-05-12,1,8,18,23,30,38,
1973-05-19,11,14,25,28,30,46,
1973-05-26,8,22,25,33,43,48,
1973-06-02,10,15,18,25,36,48,
1973-06-09,7,9,18,26,32,40,
1973-06-16,6,9,17,23,28,46,
1973-06-23,11,13,16,30,35,48,
1973-06-30,6,12,26,27,37,38,
1973-07-07,1,4,6,23,24,43,
1973-07-14,7,13,18,26,31,39,
1973-07-21,20,21,24,30,31,46,
1973-07-28,11,16,22,28,41,49,
1973-08-04,3,18,20,31,43,49,
1973-08-11,10,16,17,30,39,42,
1973-08-18,12,35,36,38,39,44,
1973-08-25,1,4,5,31,35,45,
1973-09-01,8,9,25,26,34,45,
1973-09-08,3,11,21,24,39,46,
1973-09-15,19,22,37,39,47,49,
1973-09-22,2,9,18,20,24,40,
1973-09-29,7,29,34,35,41,45,
1973-10-06,1,23,24,31,36,48,
1973-10-13,6,19,34,37,39,46,
1973-10-20,8,15,25,31,32,33,
1973-10-27,9,15,20,21,33,40,
1973-11-03,11,17,20,27,34,45,
1973-11-10,3,17,19,31,33,49,
1973-11-17,2,7,11,39,41,48,
1973-11-24,1,24,25,39,40,42,
1973-12-01,5,20,30,33,37,43,
1973-12-08,3,16,21,32,34,39,
1973-12-15,4,31,32,33,36,39,
1973-12-22,1,11,24,25,31,45,
1973-12-29,2,20,21,24,25,32,
1974-01-05,8,17,22,31,37,38,
1974-01-12,13,15,22,28,37,48,
1974-01-19,4,15,21,29,41,44,
1974-01-26,7,12,14,26,35,44,
1974-02-02,1,12,20,30,38,39,
1974-02-09,10,14,17,19,31,32,
1974-02-16,2,3,25,26,33,46,
1974-02-23,3,7,8,15,20,41,
1974-03-02,2,3,8,17,22,49,
1974-03-09,20,30,32,38,39,40,
1974-03-16,5,7,8,26,31,40,
1974-03-23,12,13,17,18,32,45,
1974-03-30,4,7,20,24,37,47,
1974-04-06,4,21,22,24,29,48,
1974-04-13,1,7,32,39,47,49,
1974-04-20,23,30,41,42,45,47,
1974-04-27,24,26,27,31,38,45,
1974-05-04,3,6,12,26,33,45,
1974-05-11,6,15,19,26,44,45,
1974-05-18,20,36,37,41,43,48,
1974-05-25,10,11,28,29,35,48,
1974-06-01,6,16,38,41,44,48,
1974-06-08,16,21,22,25,27,36,
1974-06-15,3,4,16,20,24,39,
1974-06-22,5,8,20,30,33,49,
1974-06-29,13,28,30,37,43,49,
1974-07-06,1,2,5,21,36,40,
1974-07-13,2,7,22,25,26,35,
1974-07-20,1,2,26,27,33,41,
1974-07-27,19,20,27,29,31,39,
1974-08-03,2,12,16,21,29,45,
1974-08-10,4,7,10,12,19,42,
1974-08-17,27,30,31,36,38,47,
1974-08-24,6,12,21,36,45,47,
1974-08-31,11,14,17,30,31,44,
1974-09-07,3,8,15,22,23,27,
1974-09-14,3,13,24,26,32,37,
1974-09-21,12,17,31,36,37,39,
1974-09-28,3,4,6,16,23,46,
1974-10-05,3,16,24,35,44,49,
1974-10-12,1,5,22,24,27,28,
1974-10-19,13,15,21,22,31,33,
1974-10-26,12,20,31,42,46,48,
1974-11-02,6,9,35,38,39,45,
1974-11-09,2,27,29,32,45,47,
1974-11-16,22,28,29,43,46,48,
1974-11-23,12,27,28,32,41,42,
1974-11-30,8,19,22,29,32,40,
1974-12-07,10,14,22,27,32,49,
1974-12-14,6,9,14,42,45,48,
1974-12-21,9,10,17,20,22,47,
1974-12-28,6,7,22,23,42,46,
1975-01-04,3,24,28,40,41,45,
1975-01-11,1,13,37,38,42,43,
1975-01-18,1,4,14,27,30,33,
1975-01-25,1,6,23,32,42,48,
1975-02-01,18,20,26,33,36,47,
1975-02-08,7,25,27,30,37,47,
1975-02-15,4,18,28,34,40,49,
1975-02-22,1,4,14,20,33,38,
1975-03-01,3,12,19,32,38,49,
1975-03-08,2,8,20,23,41,49,
1975-03-15,7,18,21,23,32,42,
1975-03-22,11,12,15,24,47,49,
1975-03-29,4,7,9,16,26,29,
1975-04-05,5,10,13,16,22,31,
1975-04-12,10,12,19,35,40,45,
1975-04-19,1,4,19,33,38,39,
1975-04-26,7,18,27,33,35,37,
1975-05-03,6,23,25,31,34,40,
1975-05-10,7,14,23,27,33,36,
1975-05-17,9,10,11,27,35,46,
1975-05-24,12,17,25,28,30,43,
1975-05-31,10,12,31,38,43,49,
1975-06-07,18,22,31,33,35,45,
1975-06-14,7,12,24,30,31,39,
1975-06-21,19,25,26,31,35,38,
1975-06-28,1,3,9,11,13,44,
1975-07-05,3,9,25,29,30,38,
1975-07-12,9,15,17,26,29,42,
1975-07-19,2,4,13,26,47,49,
1975-07-26,3,28,36,39,40,48,
1975-08-02,17,19,28,36,48,49,
1975-08-09,9,15,25,33,38,49,
1975-08-16,2,3,17,32,45,46,
1975-08-23,3,7,27,31,32,43,
1975-08-30,8,12,27,32,38,39,
1975-09-06,7,13,16,32,40,46,
1975-09-13,2,5,18,19,35,42,
1975-09-20,4,12,14,30,32,44,
1975-09-27,16,17,26,31,33,40,
1975-10-04,7,15,18,35,41,44,
1975-10-11,1,6,8,10,43,45,
1975-10-18,17,30,32,37,40,47,
1975-10-25,8,21,27,32,38,40,
1975-11-01,3,16,27,32,33,34,
1975-11-08,4,11,12,35,39,44,
1975-11-15,7,13,16,26,44,46,
1975-11-22,4,5,16,18,24,44,
1975-11-29,2,14,19,20,32,43,
1975-12-06,2,5,8,14,22,36,
1975-12-13,29,31,35,37,39,46,
1975-12-20,3,7,23,25,37,44,
1975-12-27,2,13,25,35,45,46,
1976-01-03,9,11,21,25,37,44,
1976-01-10,3,11,16,28,39,49,
1976-01-17,9,10,29,41,46,47,
1976-01-24,6,13,22,38,41,45,
1976-01-31,4,24,29,32,34,43,
1976-02-07,1,3,7,32,41,46,
1976-02-14,10,11,13,15,18,30,
1976-02-21,9,17,20,23,24,31,
1976-02-28,8,30,32,40,44,48,
1976-03-06,1,10,13,26,38,46,
1976-03-13,1,9,12,30,41,45,
1976-03-20,4,8,26,29,32,43,
1976-03-27,17,23,25,29,42,44,
1976-04-03,2,10,11,13,40,41,
1976-04-10,5,8,12,15,21,48,
1976-04-17,1,20,23,36,41,42,
1976-04-24,5,19,21,23,41,46,
1976-05-01,20,26,29,42,45,48,
1976-05-08,1,9,10,28,46,49,
1976-05-15,2,5,22,43,44,45,
1976-05-22,9,17,18,37,43,48,
1976-05-29,12,15,17,25,32,41,
1976-06-05,1,6,20,33,45,46,
1976-06-12,5,11,13,29,35,47,
1976-06-19,2,7,23,34,41,47,
1976-06-26,7,19,20,24,25,35,
1976-07-03,3,14,15,17,32,47,
1976-07-10,5,6,12,15,32,33,
1976-07-17,5,9,12,26,38,46,
1976-07-24,5,20,25,26,27,41,
1976-07-31,26,28,31,42,43,44,
1976-08-07,5,16,21,33,35,40,
1976-08-14,2,6,16,26,30,39,
1976-08-21,7,11,19,20,26,37,
1976-08-28,4,6,8,9,29,43,
1976-09-04,6,16,17,19,28,30,
1976-09-11,9,11,12,20,37,49,
1976-09-18,3,6,11,24,32,40,
1976-09-25,9,23,28,32,44,46,
1976-10-02,3,16,37,39,47,48,
1976-10-09,6,9,19,24,35,39,
1976-10-16,1,2,23,33,34,47,
1976-10-23,8,15,22,30,38,40,
1976-10-30,2,7,16,38,43,47,
1976-11-06,3,8,10,15,17,30,
1976-11-13,2,8,11,17,25,45,
1976-11-20,7,14,25,29,36,49,
1976-11-27,3,13,18,35,40,43,
1976-12-04,3,6,29,35,38,47,
1976-12-11,1,2,15,28,32,44,
1976-12-18,2,23,25,38,45,46,
1976-12-25,12,16,25,38,43,44,
1977-01-01,23,24,25,31,36,39,
1977-01-08,2,7,13,30,31,33,
1977-01-15,16,24,38,39,44,46,
1977-01-22,2,3,12,16,19,38,
1977-01-29,2,7,9,16,20,40,
1977-02-05,4,8,9,23,37,42,
1977-02-12,19,23,24,25,37,43,
1977-02-19,5,9,10,15,16,31,
1977-02-26,2,20,34,37,44,49,
1977-03-05,9,10,34,39,40,49,
1977-03-12,8,9,10,16,33,46,
1977-03-19,15,19,21,22,31,49,
1977-03-26,9,13,14,20,36,44,
1977-04-02,3,5,17,18,34,47,
1977-04-09,3,27,29,41,45,49,
1977-04-16,5,20,25,39,48,49,
1977-04-23,16,17,26,30,41,43,
1977-04-30,1,8,12,15,27,34,
1977-05-07,5,16,17,20,24,35,
1977-05-14,15,25,31,36,37,41,
1977-05-21,5,7,9,21,27,36,
1977-05-28,12,13,22,39,45,48,
1977-06-04,11,29,30,32,36,48,
1977-06-11,3,12,14,32,40,46,
1977-06-18,9,17,18,20,29,40,
1977-06-25,6,20,32,38,40,41,
1977-07-02,11,18,20,27,34,47,
1977-07-09,3,7,19,24,30,36,
1977-07-16,2,37,39,44,47,49,
1977-07-23,6,13,22,24,37,42,
1977-07-30,11,15,24,36,40,42,
1977-08-06,2,15,28,36,37,42,
1977-08-13,9,10,20,21,30,34,
1977-08-20,13,16,19,27,32,37,
1977-08-27,3,7,9,14,22,35,
1977-09-03,3,21,24,28,29,36,
1977-09-10,3,23,25,40,44,48,
1977-09-17,1,22,32,33,37,40,
1977-09-24,10,11,12,13,18,32,
1977-10-01,2,18,27,42,45,47,
1977-10-08,7,12,24,26,44,45,
1977-10-15,8,32,36,38,43,47,
1977-10-22,1,2,3,6,26,48,
1977-10-29,8,28,31,34,35,49,
1977-11-05,10,17,19,26,42,43,
1977-11-12,16,18,29,33,34,48,
1977-11-19,19,21,35,36,43,47,
1977-11-26,5,27,30,42,46,47,
1977-12-03,13,16,23,25,26,47,
1977-12-10,7,24,27,31,34,44,
1977-12-17,1,7,12,26,35,41,
1977-12-24,8,18,23,25,38,42,
1977-12-31,4,14,15,18,29,44,
1978-01-07,5,21,29,38,43,47,
1978-01-14,10,18,25,26,34,36,
1978-01-21,1,4,17,31,33,49,
1978-01-28,8,9,18,29,38,46,
1978-02-04,2,17,25,26,37,43,
1978-02-11,2,8,14,23,40,41,
1978-02-18,3,23,25,29,35,36,
1978-02-25,1,3,4,39,41,43,
1978-03-04,7,11,34,35,47,49,
1978-03-11,1,4,9,16,41,44,
1978-03-18,6,10,20,23,29,45,
1978-03-25,6,9,13,16,31,45,
1978-04-01,15,23,25,28,47,48,
1978-04-08,3,5,9,16,34,41,
1978-04-15,21,26,32,34,42,43,
1978-04-22,3,16,26,35,42,46,
1978-04-29,1,7,18,35,37,46,
1978-05-06,2,7,8,19,22,30,
1978-05-13,15,17,30,31,44,45,
1978-05-20,26,32,33,35,39,43,
1978-05-27,3,5,24,26,32,48,
1978-06-03,7,22,33,34,36,45,
1978-06-10,8,18,23,30,31,48,
1978-06-17,10,16,26,29,32,43,
1978-06-24,21,24,28,33,36,43,
1978-07-01,14,16,32,38,40,44,
1978-07-08,2,8,14,17,31,41,
1978-07-15,4,5,6,10,11,28,
1978-07-22,17,39,44,47,48,49,
1978-07-29,11,20,23,27,29,49,
1978-08-05,4,11,23,31,33,45,
1978-08-12,2,15,16,20,33,34,
1978-08-19,4,7,17,35,36,42,
1978-08-26,3,21,26,31,40,46,
1978-09-02,19,26,36,40,42,43,
1978-09-09,2,8,14,20,23,38,
1978-09-16,4,14,15,33,35,38,
1978-09-23,3,4,5,8,32,49,
1978-09-30,4,5,15,32,37,42,
1978-10-07,6,20,26,38,46,49,
1978-10-14,8,13,22,32,34,35,
1978-10-21,2,7,11,15,29,30,
1978-10-28,7,13,16,32,40,43,
1978-11-04,13,18,31,45,46,49,
1978-11-11,5,8,21,35,38,40,
1978-11-18,3,18,23,24,40,43,
1978-11-25,10,21,22,25,35,49,
1978-12-02,1,3,22,31,37,39,
1978-12-09,18,24,35,38,39,47,
1978-12-16,13,18,19,28,32,46,
1978-12-23,12,15,21,30,32,48,
1978-12-30,6,11,27,35,38,46,
1979-01-06,8,10,37,39,41,43,
1979-01-13,5,8,9,12,16,45,
1979-01-20,1,6,11,20,32,43,
1979-01-27,2,20,26,31,33,38,
1979-02-03,5,18,23,29,33,48,
1979-02-10,1,2,14,19,27,39,
1979-02-17,5,17,19,21,32,47,
1979-02-24,9,14,23,24,41,42,
1979-03-03,1,17,24,32,42,44,
1979-03-10,21,25,39,41,42,43,
1979-03-17,16,21,27,38,45,49,
1979-03-24,4,7,8,11,39,42,
1979-03-31,5,7,9,16,26,43,
1979-04-07,12,15,16,20,27,45,
1979-04-14,7,11,21,25,26,41,
1979-04-21,6,18,23,24,35,45,
1979-04-28,6,20,33,37,38,41,
1979-05-05,6,16,30,35,44,45,
1979-05-12,2,4,10,32,35,46,
1979-05-19,15,18,32,39,48,49,
1979-05-26,7,21,23,33,41,45,
1979-06-02,14,20,30,43,47,48,
1979-06-09,17,25,30,34,35,41,
1979-06-16,13,15,17,25,33,34,
1979-06-23,1,17,30,40,41,43,
1979-06-30,9,33,37,40,46,47,
1979-07-07,8,16,18,35,37,43,
1979-07-14,2,6,7,16,39,44,
1979-07-21,27,32,43,45,46,48,
1979-07-28,4,27,29,37,40,48,
1979-08-04,2,20,24,31,42,48,
1979-08-11,2,5,9,22,26,30,
1979-08-18,28,31,43,44,45,49,
1979-08-25,14,17,20,40,42,48,
1979-09-01,5,19,24,27,28,38,
1979-09-08,2,10,12,16,21,40,
1979-09-15,4,5,7,20,32,37,
1979-09-22,7,10,21,36,39,42,
1979-09-29,11,12,15,23,29,44,
1979-10-06,4,16,17,18,19,42,
1979-10-13,11,18,22,26,43,45,
1979-10-20,22,23,24,25,34,38,
1979-10-27,1,12,17,19,20,38,
1979-11-03,9,10,14,29,37,48,
1979-11-10,1,2,22,36,41,49,
1979-11-17,1,5,14,22,36,40,
1979-11-24,5,6,11,14,16,26,
1979-12-01,8,15,28,32,34,40,
1979-12-08,14,15,20,22,23,28,
1979-12-15,3,14,26,31,43,45,
1979-12-22,5,8,16,23,35,46,
1979-12-29,7,8,9,26,35,48,
1980-01-05,5,11,16,18,19,35,
1980-01-12,19,23,28,30,31,49,
1980-01-19,1,3,18,30,31,39,
1980-01-26,2,18,25,27,45,49,
1980-02-02,13,21,26,27,44,47,
1980-02-09,8,16,17,29,36,37,
1980-02-16,1,5,30,33,35,37,
1980-02-23,1,13,21,26,43,49,
1980-03-01,16,21,28,39,40,48,
1980-03-08,14,15,35,40,43,46,
1980-03-15,1,5,9,33,41,43,
1980-03-22,11,14,19,27,30,33,
1980-03-29,16,19,27,40,42,43,
1980-04-05,14,17,32,34,36,41,
1980-04-12,3,13,15,19,20,21,
1980-04-19,3,10,11,24,25,41,
1980-04-26,5,11,13,39,42,49,
1980-05-03,9,10,18,19,27,47,
1980-05-10,14,17,21,26,43,46,
1980-05-17,2,16,21,26,33,36,
1980-05-24,1,5,11,14,33,38,
1980-05-31,2,3,17,25,33,48,
1980-06-07,7,10,28,42,43,45,
1980-06-14,9,28,41,42,45,47,
1980-06-21,11,20,25,29,41,47,
1980-06-28,3,5,10,13,24,44,
1980-07-05,13,15,16,25,26,32,
1980-07-12,1,4,11,15,25,31,
1980-07-19,15,21,28,32,40,43,
1980-07-26,11,20,29,38,44,49,
1980-08-02,3,8,34,39,41,47,
1980-08-09,19,27,29,32,34,46,
1980-08-16,8,21,22,23,42,43,
1980-08-23,4,16,17,28,38,42,
1980-08-30,6,11,14,25,28,35,
1980-09-06,12,23,25,36,42,47,
1980-09-13,11,12,19,34,37,41,
1980-09-20,2,6,12,23,32,43,
1980-09-27,13,21,22,33,45,48,
1980-10-04,10,12,29,30,37,46,
1980-10-11,18,22,28,31,35,49,
1980-10-18,4,8,17,31,37,48,
1980-10-25,5,7,8,21,23,40,
1980-11-01,19,21,22,26,27,32,
1980-11-08,12,13,15,16,30,36,
1980-11-15,1,9,16,21,25,44,
1980-11-22,5,21,26,30,31,45,
1980-11-29,2,10,25,30,38,41,
1980-12-06,12,14,36,38,42,49,
1980-12-13,4,8,18,33,47,49,
1980-12-20,3,6,8,32,33,40,
1980-12-27,4,14,16,21,27,43,
1981-01-03,6,12,19,22,31,40,
1981-01-10,20,27,29,32,41,45,
1981-01-17,23,28,29,34,38,46,
1981-01-24,1,10,21,37,39,45,
1981-01-31,11,12,24,31,42,48,
1981-02-07,4,12,31,34,47,48,
1981-02-14,17,20,22,33,34,45,
1981-02-21,4,18,33,44,46,48,
1981-02-28,7,9,20,22,26,29,
1981-03-07,2,7,30,34,35,42,
1981-03-14,8,10,11,21,27,48,
1981-03-21,2,3,9,21,27,31,
1981-03-28,6,15,18,23,36,47,
1981-04-04,8,11,17,19,28,33,
1981-04-11,2,19,27,28,37,39,
1981-04-18,6,28,37,42,46,49,
1981-04-25,2,14,26,27,43,47,
1981-05-02,7,21,23,40,44,49,
1981-05-09,5,6,18,27,29,32,
1981-05-16,9,16,25,27,35,39,
1981-05-23,25,30,35,41,44,48,
1981-05-30,5,7,22,38,41,49,
1981-06-06,12,13,18,29,33,45,
1981-06-13,6,10,15,18,20,29,
1981-06-20,7,10,23,34,36,43,
1981-06-27,5,21,26,30,35,47,
1981-07-04,7,11,29,30,35,48,
1981-07-11,4,7,9,34,40,44,
1981-07-18,7,15,23,25,32,46,
1981-07-25,1,3,37,38,42,49,
1981-08-01,1,5,14,16,18,48,
1981-08-08,4,7,9,11,42,48,
1981-08-15,17,21,23,24,32,35,
1981-08-22,15,25,30,34,41,42,
1981-08-29,2,12,14,34,36,48,
1981-09-05,25,27,28,34,45,49,
1981-09-12,1,2,15,30,33,34,
1981-09-19,1,16,20,33,36,37,
1981-09-26,4,8,30,33,45,48,
1981-10-03,4,19,21,32,36,42,
1981-10-10,11,15,18,33,38,48,
1981-10-17,5,11,17,18,37,40,
1981-10-24,3,10,37,38,43,49,
1981-10-31,10,12,17,24,27,32,
1981-11-07,1,2,10,20,26,37,
1981-11-14,5,7,20,31,35,46,
1981-11-21,14,17,25,35,45,46,
1981-11-28,4,10,15,18,21,31,
1981-12-05,17,23,28,42,47,48,
1981-12-12,14,25,30,35,40,44,
1981-12-19,1,21,22,23,30,47,
1981-12-26,4,6,11,19,20,49,
1982-01-02,2,15,21,24,34,37,
1982-01-09,22,26,28,33,44,46,
1982-01-16,8,19,21,25,34,48,
1982-01-23,8,12,26,27,39,45,
1982-01-30,14,19,23,24,25,31,
1982-02-06,1,7,14,40,41,47,
1982-02-13,4,21,28,30,36,39,
1982-02-20,2,12,16,17,33,49,
1982-02-27,8,11,24,32,46,47,
1982-03-06,24,27,28,31,35,36,
1982-03-13,9,11,25,28,41,48,
1982-03-20,7,10,14,36,40,48,
1982-03-27,25,27,38,39,41,47,
1982-04-03,6,26,32,37,42,48,
1982-04-10,5,18,21,26,41,42,
1982-04-17,6,13,23,35,37,39,
1982-04-24,5,12,22,35,38,42,
1982-05-01,3,13,17,19,22,40,
1982-05-08,5,12,18,24,33,39,
1982-05-15,7,14,18,31,32,38,
1982-05-22,10,14,17,22,37,38,
1982-05-29,3,4,10,12,23,33,
1982-06-05,3,5,11,13,21,27,
1982-06-12,1,3,12,20,33,37,
1982-06-19,1,2,6,11,22,48,
1982-06-26,7,11,13,14,21,35,
1982-07-03,1,7,13,16,37,39,
1982-07-10,1,12,14,21,29,46,
1982-07-17,21,27,28,37,39,44,
1982-07-24,5,13,26,31,33,38,
1982-07-31,18,19,21,28,34,38,
1982-08-07,2,14,38,41,46,49,
1982-08-14,2,8,17,24,28,37,
1982-08-21,6,17,21,34,35,39,
1982-08-28,4,11,16,27,28,41,
1982-09-04,1,10,28,30,34,35,
1982-09-11,1,4,16,20,31,42,
1982-09-18,6,7,21,25,33,48,
1982-09-25,10,16,26,42,44,48,
1982-10-02,3,5,20,33,37,47,
1982-10-09,2,18,34,36,38,44,
1982-10-16,2,19,25,28,40,47,
1982-10-23,3,10,15,27,42,45,
1982-10-30,9,14,22,23,38,44,
1982-11-06,10,11,20,25,35,47,
1982-11-13,9,19,20,27,30,39,
1982-11-20,6,13,28,29,32,48,
1982-11-27,2,13,17,22,36,45,
1982-12-04,3,27,30,38,44,46,
1982-12-11,15,18,27,31,33,35,
1982-12-18,11,17,24,25,36,46,
1982-12-25,10,16,20,21,22,44,
1983-01-01,6,7,9,12,29,48,
1983-01-08,5,6,16,20,28,41,
1983-01-15,2,4,24,34,37,42,
1983-01-22,1,4,9,10,38,48,
1983-01-29,6,10,19,30,43,47,
1983-02-05,2,19,38,43,44,47,
1983-02-12,6,13,17,19,33,44,
1983-02-19,3,12,22,26,29,39,
1983-02-26,5,13,17,36,44,48,
1983-03-05,18,20,26,27,37,39,
1983-03-12,1,15,29,31,32,44,
1983-03-19,9,22,34,37,45,48,
1983-03-26,1,7,11,26,27,42,
1983-04-02,4,5,15,32,39,46,
1983-04-09,8,18,35,40,42,46,
1983-04-16,6,10,12,15,32,44,
1983-04-23,4,12,30,32,34,39,
1983-04-30,2,18,33,38,39,47,
1983-05-07,6,9,21,38,44,49,
1983-05-14,5,13,20,42,43,44,
1983-05-21,1,2,20,23,32,35,
1983-05-28,9,11,17,24,35,43,
1983-06-04,1,9,15,35,38,44,
1983-06-11,8,26,36,38,40,46,
1983-06-18,2,16,21,27,37,48,
1983-06-25,4,5,31,32,33,48,
1983-07-02,2,8,14,24,27,34,
1983-07-09,11,21,26,32,33,44,
1983-07-16,8,37,39,41,46,48,
1983-07-23,3,16,27,44,46,48,
1983-07-30,8,25,38,41,42,49,
1983-08-06,14,15,31,32,45,47,
1983-08-13,3,9,18,41,47,49,
1983-08-20,8,10,29,36,47,49,
1983-08-27,3,18,19,27,41,47,
1983-09-03,4,13,17,24,35,37,
1983-09-10,6,27,31,41,45,46,
1983-09-17,2,8,25,34,41,49,
1983-09-24,7,11,13,19,23,30,
1983-10-01,1,11,15,16,20,33,
1983-10-08,3,19,20,27,33,47,
1983-10-15,7,9,12,20,33,46,
1983-10-22,1,6,13,21,30,37,
1983-10-29,9,19,21,29,44,46,
1983-11-05,13,15,24,30,43,47,
1983-11-12,2,23,27,30,46,48,
1983-11-19,2,3,11,16,38,40,
1983-11-26,2,16,17,26,30,33,
1983-12-03,9,15,33,37,42,49,
1983-12-10,3,19,20,28,38,43,
1983-12-17,1,7,8,11,15,36,
1983-12-24,15,17,31,32,40,47,
1983-12-31,2,9,17,21,27,45,
1984-01-07,6,19,22,40,41,46,
1984-01-14,10,15,23,27,32,33,
1984-01-21,3,7,16,24,28,46,
1984-01-28,3,7,12,22,25,31,
1984-02-04,10,32,36,37,39,44,
1984-02-11,2,14,15,33,38,49,
1984-02-18,3,7,19,39,41,46,
1984-02-25,1,6,22,30,31,36,
1984-03-03,21,25,28,32,44,45,
1984-03-10,9,13,28,32,42,47,
1984-03-17,6,22,24,32,45,47,
1984-03-24,6,15,17,23,35,44,
1984-03-31,8,13,14,21,31,43,
1984-04-07,5,11,29,32,43,48,
1984-04-14,1,16,20,21,32,47,
1984-04-21,9,24,26,30,36,37,
1984-04-28,5,12,18,33,37,47,
1984-05-05,1,2,6,7,35,40,
1984-05-12,4,23,24,26,31,47,
1984-05-19,11,13,17,29,32,38,
1984-05-26,1,21,27,34,35,41,
1984-06-02,8,10,23,32,36,43,
1984-06-09,1,5,7,14,41,45,
1984-06-16,22,27,36,37,39,47,
1984-06-23,2,6,22,25,35,36,
1984-06-30,4,6,10,22,30,43,
1984-07-07,10,18,26,35,46,48,
1984-07-14,3,10,20,33,40,47,
1984-07-21,4,10,14,16,35,46,
1984-07-28,5,8,16,18,21,47,
1984-08-04,12,29,31,37,39,45,
1984-08-11,11,15,19,22,38,49,
1984-08-18,1,4,6,17,25,41,
1984-08-25,3,5,11,13,33,42,
1984-09-01,5,11,22,40,47,48,
1984-09-08,2,4,28,38,40,43,
1984-09-15,5,7,21,31,42,48,
1984-09-22,5,12,14,38,44,48,
1984-09-29,5,9,12,23,32,46,
1984-10-06,12,15,29,34,36,47,
1984-10-13,1,14,20,22,40,45,
1984-10-20,7,9,16,38,44,49,
1984-10-27,19,32,33,34,40,49,
1984-11-03,4,10,13,30,33,42,
1984-11-10,11,12,19,21,36,49,
1984-11-17,7,9,10,19,43,45,
1984-11-24,10,13,17,21,46,48,
1984-12-01,17,23,33,37,40,42,
1984-12-08,3,6,36,37,38,49,
1984-12-15,2,26,29,36,39,49,
1984-12-22,15,17,18,24,31,44,
1984-12-29,7,13,17,20,23,43,
1985-01-05,10,21,27,34,37,40,
1985-01-12,1,11,14,37,38,39,
1985-01-19,21,40,41,44,48,49,
1985-01-26,1,20,29,34,38,39,
1985-02-02,10,16,17,31,42,43,
1985-02-09,6,7,15,20,27,34,
1985-02-16,2,8,11,17,19,39,
1985-02-23,5,14,23,29,32,33,
1985-03-02,1,6,14,24,40,47,
1985-03-09,1,5,13,30,41,46,
1985-03-16,1,5,7,34,42,46,
1985-03-23,5,12,22,23,33,37,
1985-03-30,14,16,17,30,36,48,
1985-04-06,14,17,42,45,46,47,
1985-04-13,6,19,22,26,35,36,
1985-04-20,13,19,22,28,34,40,
1985-04-27,10,18,20,26,43,46,
1985-05-04,3,6,13,18,38,39,
1985-05-11,3,4,11,16,22,32,
1985-05-18,1,27,29,38,44,45,
1985-05-25,17,28,32,33,37,49,
1985-06-01,14,22,24,30,41,45,
1985-06-08,12,23,28,30,45,47,
1985-06-15,6,7,16,24,46,48,
1985-06-22,7,9,29,42,46,49,
1985-06-29,4,5,8,15,36,39,
1985-07-06,4,10,11,15,20,25,
1985-07-13,2,3,10,31,32,42,
1985-07-20,2,15,16,22,30,35,
1985-07-27,4,20,26,33,39,40,
1985-08-03,1,2,21,23,30,38,
1985-08-10,13,20,22,29,39,46,
1985-08-17,5,9,11,18,19,48,
1985-08-24,2,24,26,30,38,42,
1985-08-31,1,3,13,21,24,49,
1985-09-07,3,7,18,26,38,43,
1985-09-14,7,14,33,34,35,45,
1985-09-21,9,12,19,24,37,38,
1985-09-28,3,5,7,16,34,48,
1985-10-05,30,31,37,38,45,48,
1985-10-12,10,12,15,34,35,49,
1985-10-19,13,15,19,25,38,43,
1985-10-26,15,28,38,39,44,46,
1985-11-02,2,5,9,24,34,42,
1985-11-09,3,14,19,20,36,46,
1985-11-16,1,10,11,15,38,48,
1985-11-23,8,15,31,38,39,48,
1985-11-30,3,15,22,30,36,48,
1985-12-07,6,12,23,28,33,48,
1985-12-14,8,17,19,20,23,29,
1985-12-21,7,9,17,36,37,44,
1985-12-28,1,14,30,35,37,49,
1986-01-04,8,31,32,33,43,46,
1986-01-11,7,8,10,31,32,38,
1986-01-18,3,19,28,29,36,41,
1986-01-25,20,24,27,31,45,48,
1986-02-01,3,6,33,37,42,43,
1986-02-08,11,29,30,31,48,49,
1986-02-15,14,17,29,33,44,48,
1986-02-22,6,10,18,27,41,48,
1986-03-01,11,13,24,26,41,42,
1986-03-08,5,14,17,33,37,43,
1986-03-15,20,23,28,35,36,42,
1986-03-22,5,6,18,19,26,44,
1986-03-29,3,6,29,31,41,45,
1986-04-05,1,21,24,27,45,49,
1986-04-12,11,19,24,42,46,47,
1986-04-19,1,21,23,24,36,44,
1986-04-26,3,24,33,35,44,49,
1986-05-03,8,15,33,37,38,49,
1986-05-10,3,8,14,37,41,42,
1986-05-17,5,12,22,23,36,49,
1986-05-24,5,12,18,26,39,42,
1986-05-31,6,12,15,30,31,49,
1986-06-07,3,13,14,27,38,39,
1986-06-14,5,17,18,22,28,47,
1986-06-21,10,21,27,29,32,49,
1986-06-28,1,3,31,37,40,45,
1986-07-05,2,5,6,15,18,27,
1986-07-12,10,22,23,30,34,40,
1986-07-19,4,6,18,28,29,45,
1986-07-26,8,16,22,27,28,29,
1986-08-02,6,32,33,35,44,47,
1986-08-09,8,14,17,34,38,43,
1986-08-16,2,3,28,31,42,49,
1986-08-23,18,23,26,32,34,45,
1986-08-30,1,19,32,37,39,48,
1986-09-06,15,16,31,32,37,49,
1986-09-13,6,10,14,16,23,28,
1986-09-20,3,8,13,23,35,38,
1986-09-27,17,20,27,39,47,49,
1986-10-04,4,9,20,21,25,35,
1986-10-11,7,17,22,26,27,35,
1986-10-18,5,25,30,31,38,41,
1986-10-25,10,14,19,42,44,46,
1986-11-01,11,15,17,20,34,41,
1986-11-08,3,5,8,23,43,48,
1986-11-15,16,23,26,28,45,46,
1986-11-22,6,11,12,16,17,27,
1986-11-29,2,5,6,18,25,29,
1986-12-06,5,9,14,28,31,33,
1986-12-13,1,10,13,15,35,45,
1986-12-20,15,25,27,30,42,48,
1986-12-27,7,15,21,25,28,34,
1987-01-03,4,7,10,21,30,40,
1987-01-10,6,10,24,31,47,49,
1987-01-17,19,29,31,39,40,45,
1987-01-24,2,16,27,32,39,46,
1987-01-31,7,19,38,40,42,49,
1987-02-07,1,9,10,23,26,37,
1987-02-14,13,15,30,31,42,44,
1987-02-21,3,10,24,33,46,47,
1987-02-28,4,5,20,23,31,43,
1987-03-07,6,18,29,40,48,49,
1987-03-14,14,15,28,32,33,34,
1987-03-21,10,14,22,39,41,49,
1987-03-28,10,13,18,41,42,43,
1987-04-04,13,16,18,27,47,49,
1987-04-11,1,9,14,15,22,49,
1987-04-18,4,12,27,30,37,44,
1987-04-25,8,16,18,36,38,45,
1987-05-02,7,21,22,33,37,39,
1987-05-09,2,12,14,19,23,30,
1987-05-16,15,16,19,39,42,47,
1987-05-23,3,8,11,21,26,45,
1987-05-30,5,7,12,27,41,44,
1987-06-06,10,15,22,23,26,36,
1987-06-13,13,15,16,19,20,27,
1987-06-20,4,15,20,24,27,40,
1987-06-27,20,25,26,31,33,40,
1987-07-04,1,6,17,27,29,42,
1987-07-11,2,4,14,16,22,23,
1987-07-18,3,25,33,38,42,43,
1987-07-25,1,6,7,20,45,46,
1987-08-01,1,33,43,46,48,49,
1987-08-08,9,19,23,38,45,49,
1987-08-15,11,17,21,23,28,31,
1987-08-22,1,8,22,32,34,40,
1987-08-29,1,9,25,35,36,46,
1987-09-05,7,11,27,28,41,47,
1987-09-12,1,5,21,40,41,45,
1987-09-19,18,20,24,32,41,43,
1987-09-26,8,12,19,33,43,45,
1987-10-03,16,35,42,46,47,48,
1987-10-10,11,15,17,41,46,49,
1987-10-17,3,4,7,12,27,33,
1987-10-24,11,18,19,20,33,48,
1987-10-31,9,20,37,39,46,48,
1987-11-07,14,21,22,23,25,42,
1987-11-14,6,19,23,30,36,45,
1987-11-21,18,20,23,25,31,38,
1987-11-28,9,10,11,16,35,44,
1987-12-05,4,6,17,22,34,42,
1987-12-12,2,14,16,19,25,41,
1987-12-19,21,29,31,32,38,46,
1987-12-26,9,12,18,31,38,41,
1988-01-02,12,19,22,25,32,45,
1988-01-09,1,10,26,30,31,37,
1988-01-16,6,17,36,37,42,44,
1988-01-23,24,25,26,30,31,32,
1988-01-30,7,27,37,40,44,49,
1988-02-06,7,11,14,35,41,45,
1988-02-13,2,6,19,21,36,45,
1988-02-20,2,4,11,22,39,44,
1988-02-27,10,22,27,31,44,45,
1988-03-05,12,27,33,34,43,47,
1988-03-12,9,11,18,30,36,46,
1988-03-19,11,12,14,30,32,39,
1988-03-26,10,11,28,38,43,47,
1988-04-02,3,6,19,33,38,43,
1988-04-09,12,15,22,35,42,49,
1988-04-16,9,16,26,30,35,42,
1988-04-23,10,12,33,40,43,44,
1988-04-30,8,12,15,29,31,40,
1988-05-07,2,5,19,20,40,47,
1988-05-14,4,7,22,26,41,46,
1988-05-21,3,15,19,20,40,41,
1988-05-28,2,10,23,34,42,44,
1988-06-04,18,19,20,22,35,40,
1988-06-11,26,29,31,35,36,41,
1988-06-18,1,10,37,43,44,47,
1988-06-25,7,11,26,30,36,47,
1988-07-02,4,11,19,29,38,39,
1988-07-09,8,18,19,29,37,42,
1988-07-16,3,23,28,30,41,45,
1988-07-23,3,7,12,27,42,46,
1988-07-30,4,7,25,39,40,49,
1988-08-06,4,6,23,29,38,41,
1988-08-13,2,9,14,16,37,44,
1988-08-20,22,26,36,43,47,48,
1988-08-27,9,17,21,22,28,32,
1988-09-03,1,3,8,17,23,30,
1988-09-10,5,14,15,20,28,45,
1988-09-17,19,20,22,34,38,43,
1988-09-24,3,21,23,25,27,47,
1988-10-01,5,8,11,19,28,34,
1988-10-08,3,8,9,13,15,39,
1988-10-15,4,14,21,32,43,49,
1988-10-22,4,9,24,29,30,41,
1988-10-29,12,20,27,34,36,47,
1988-11-05,10,15,17,21,34,38,
1988-11-12,22,26,27,29,33,37,
1988-11-19,5,24,29,32,37,44,
1988-11-26,10,11,20,24,28,46,
1988-12-03,9,11,31,42,45,47,
1988-12-10,9,15,26,29,38,42,
1988-12-17,34,35,39,47,48,49,
1988-12-24,1,4,16,25,31,48,
1988-12-31,8,12,24,33,41,49,
1989-01-07,2,6,13,26,32,45,
1989-01-14,6,7,12,23,35,36,
1989-01-21,12,13,16,17,26,40,
1989-01-28,1,5,9,17,37,49,
1989-02-04,11,19,25,27,37,43,
1989-02-11,14,36,40,41,43,44,
1989-02-18,1,16,29,37,38,45,
1989-02-25,9,12,16,21,41,42,
1989-03-04,14,17,18,33,35,41,
1989-03-11,19,20,42,43,44,49,
1989-03-18,5,6,7,10,22,38,
1989-03-25,19,37,38,39,44,48,
1989-04-01,10,18,28,32,35,38,
1989-04-08,6,12,24,31,43,48,
1989-04-15,2,3,7,33,41,42,
1989-04-22,4,9,16,22,31,34,
1989-04-29,5,7,19,22,42,48,
1989-05-06,4,11,12,16,25,43,
1989-05-13,5,17,18,24,26,41,
1989-05-20,5,6,9,35,36,47,
1989-05-27,4,8,17,21,25,29,
1989-06-03,7,17,19,22,23,27,
1989-06-10,6,8,10,16,21,34,
1989-06-17,4,8,12,32,40,41,
1989-06-24,4,14,16,38,42,46,
1989-07-01,4,16,19,21,24,44,
1989-07-08,2,3,4,7,25,36,
1989-07-15,5,15,17,24,38,49,
1989-07-22,12,13,26,28,31,43,
1989-07-29,2,3,12,15,30,32,
1989-08-05,9,11,20,38,42,47,
1989-08-12,8,11,16,17,37,47,
1989-08-19,11,13,14,18,27,29,
1989-08-26,1,13,20,22,40,46,
1989-09-02,2,19,21,25,26,39,
1989-09-09,13,26,39,42,46,47,
1989-09-16,9,21,23,38,43,47,
1989-09-23,6,7,12,32,39,45,
1989-09-30,4,10,17,28,29,35,
1989-10-07,2,4,8,23,40,49,
1989-10-14,3,5,9,27,35,37,
1989-10-21,4,8,13,20,21,36,
1989-10-28,3,21,24,25,32,34,
1989-11-04,9,27,32,37,44,47,
1989-11-11,4,20,26,29,32,48,
1989-11-18,2,3,27,32,33,36,
1989-11-25,5,7,8,21,42,46,
1989-12-02,19,23,27,46,47,48,
1989-12-09,2,15,24,33,37,46,
1989-12-16,3,18,26,28,31,33,
1989-12-23,7,9,23,28,38,39,
1989-12-30,2,15,16,44,46,49,
1990-01-06,12,30,44,45,46,48,
1990-01-13,6,12,15,33,37,42,
1990-01-20,1,8,17,18,40,42,
1990-01-27,6,9,10,12,37,42,
1990-02-03,20,29,35,42,46,48,
1990-02-10,10,20,21,38,46,49,
1990-02-17,1,7,15,25,32,49,
1990-02-24,8,12,14,17,27,46,
1990-03-03,4,11,17,42,43,45,
1990-03-10,4,12,21,24,29,39,
1990-03-17,4,7,34,36,46,48,
1990-03-24,8,14,33,38,43,49,
1990-03-31,3,6,7,9,10,32,
1990-04-07,3,12,26,31,42,49,
1990-04-14,4,9,23,24,28,34,
1990-04-21,3,13,18,25,26,38,
1990-04-28,5,17,19,20,43,47,
1990-05-05,7,8,20,23,35,42,
1990-05-12,3,4,19,21,29,41,
1990-05-19,3,6,14,25,40,41,
1990-05-26,1,12,18,22,46,49,
1990-06-02,1,11,26,34,35,49,
1990-06-09,3,9,28,32,36,37,
1990-06-16,6,17,18,26,35,39,
1990-06-23,1,19,25,36,40,44,
1990-06-30,2,4,5,27,28,35,
1990-07-07,4,10,20,42,43,48,
1990-07-14,2,10,18,22,34,37,
1990-07-21,20,24,27,34,43,47,
1990-07-28,3,23,24,28,37,49,
1990-08-04,10,12,14,25,29,30,
1990-08-11,5,7,21,25,29,36,
1990-08-18,1,4,17,35,37,48,
1990-08-25,16,17,33,35,40,41,
1990-09-01,9,11,20,24,34,39,
1990-09-08,7,9,19,22,29,35,
1990-09-15,2,21,24,26,32,42,
1990-09-22,2,3,17,21,38,46,
1990-09-29,16,22,31,37,46,47,
1990-10-06,1,7,27,31,32,41,
1990-10-13,9,11,13,22,40,46,
1990-10-20,15,24,25,34,43,46,
1990-10-27,5,11,19,23,25,26,
1990-11-03,3,25,27,33,42,49,
1990-11-10,3,12,18,24,37,42,
1990-11-17,14,15,17,25,34,49,
1990-11-24,15,24,30,32,43,46,
1990-12-01,2,6,18,33,36,47,
1990-12-08,6,13,18,34,42,49,
1990-12-15,7,8,26,37,40,43,
1990-12-22,3,19,24,25,37,40,
1990-12-29,5,13,18,29,32,35,
1991-01-05,5,8,17,23,40,47,
1991-01-12,2,15,22,37,39,41,
1991-01-19,2,5,6,8,10,16,
1991-01-26,9,19,26,34,43,47,
1991-02-02,5,15,33,43,48,49,
1991-02-09,4,8,31,34,38,49,
1991-02-16,5,11,37,38,42,44,
1991-02-23,5,6,15,19,30,33,
1991-03-02,2,4,6,33,36,40,
1991-03-09,13,16,21,22,27,43,
1991-03-16,3,5,20,24,36,49,
1991-03-23,18,24,31,37,43,49,
1991-03-30,4,5,20,42,47,49,
1991-04-06,11,20,26,27,38,49,
1991-04-13,10,23,26,31,33,47,
1991-04-20,10,12,17,37,38,49,
1991-04-27,14,24,34,35,43,46,
1991-05-04,19,21,30,35,36,43,
1991-05-11,7,10,22,28,31,44,
1991-05-18,4,16,21,22,36,46,
1991-05-25,1,20,38,40,41,42,
1991-06-01,7,9,11,13,32,40,
1991-06-08,4,16,22,28,30,36,
1991-06-15,1,25,26,28,34,48,
1991-06-22,3,21,32,39,42,48,
1991-06-29,4,5,24,27,42,47,
1991-07-06,3,5,10,13,38,41,
1991-07-13,1,15,19,31,32,43,
1991-07-20,1,4,22,26,33,47,
1991-07-27,5,12,37,39,41,46,
1991-08-03,2,27,31,38,40,48,
1991-08-10,7,10,22,23,25,41,
1991-08-17,7,8,10,29,39,47,
1991-08-24,7,26,31,32,36,41,
1991-08-31,7,9,28,32,38,40,
1991-09-07,32,34,44,45,48,49,
1991-09-14,24,32,33,35,37,40,
1991-09-21,9,17,18,19,40,46,
1991-09-28,3,12,18,23,35,43,
1991-10-05,12,16,17,23,31,36,
1991-10-12,8,9,13,14,21,41,
1991-10-19,4,24,33,34,38,39,
1991-10-26,2,4,8,17,25,41,
1991-11-02,4,18,23,24,32,45,
1991-11-09,2,9,14,18,21,26,
1991-11-16,2,8,29,31,32,43,
1991-11-23,3,9,11,26,36,40,
1991-11-30,6,12,15,16,28,48,
1991-12-07,6,16,17,41,42,49,7.0
1991-12-14,1,37,39,43,44,47,4.0
1991-12-21,8,12,30,32,45,49,9.0
1991-12-28,17,35,36,43,45,46,1.0
1992-01-04,11,16,18,27,32,39,0.0
1992-01-11,1,3,18,21,39,45,6.0
1992-01-18,4,9,14,31,32,48,3.0
1992-01-25,20,22,31,40,41,47,7.0
1992-02-01,14,16,22,30,35,47,9.0
1992-02-08,6,16,25,37,40,41,8.0
1992-02-15,4,17,32,35,41,48,2.0
1992-02-22,3,4,11,39,40,46,0.0
1992-02-29,11,13,19,25,27,30,6.0
1992-03-07,9,15,28,31,42,43,1.0
1992-03-14,2,16,18,36,45,46,6.0
1992-03-21,14,19,20,21,35,47,1.0
1992-03-28,1,5,21,36,37,42,4.0
1992-04-04,1,3,5,17,27,30,9.0
1992-04-11,11,14,29,31,37,49,1.0
1992-04-18,10,24,31,40,41,49,6.0
1992-04-25,4,5,15,22,25,39,0.0
1992-05-02,2,5,22,29,39,46,7.0
1992-05-09,3,4,15,19,32,41,9.0
1992-05-16,1,7,17,28,44,49,4.0
1992-05-23,9,21,26,29,36,38,5.0
1992-05-30,8,19,21,32,33,36,2.0
1992-06-06,6,11,24,26,29,36,6.0
1992-06-13,2,17,23,35,43,46,1.0
1992-06-20,2,27,28,41,44,46,9.0
1992-06-27,3,14,15,19,24,42,5.0
1992-07-04,12,16,28,32,35,39,2.0
1992-07-11,1,5,16,19,24,48,5.0
1992-07-18,8,20,25,30,36,37,1.0
1992-07-25,1,5,18,35,45,48,9.0
1992-08-01,6,10,15,17,25,41,1.0
1992-08-08,5,9,10,25,26,45,7.0
1992-08-15,11,12,14,35,37,43,5.0
1992-08-22,5,32,36,39,40,45,4.0
1992-08-29,10,12,25,41,47,49,0.0
1992-09-05,8,12,30,32,35,38,1.0
1992-09-12,14,15,19,20,25,33,1.0
1992-09-19,3,5,24,35,42,46,4.0
1992-09-26,12,13,18,19,28,37,7.0
1992-10-03,7,8,18,19,32,49,9.0
1992-10-10,11,12,22,33,41,42,4.0
1992-10-17,16,24,26,28,39,45,4.0
1992-10-24,5,7,16,18,22,45,9.0
1992-10-31,5,14,24,34,46,48,8.0
1992-11-07,12,15,19,27,28,48,5.0
1992-11-14,17,18,19,34,46,48,1.0
1992-11-21,3,15,28,33,38,43,9.0
1992-11-28,7,18,34,38,40,49,4.0
1992-12-05,4,5,12,17,28,45,5.0
1992-12-12,5,9,12,19,21,28,5.0
1992-12-19,5,8,10,11,18,31,0.0
1992-12-26,2,7,15,17,39,43,8.0
1993-01-02,1,15,16,21,24,32,0.0
1993-01-09,1,7,11,22,30,42,5.0
1993-01-16,1,3,10,11,18,25,8.0
1993-01-23,2,14,18,21,29,45,6.0
1993-01-30,8,9,15,18,30,42,4.0
1993-02-06,4,6,20,25,32,42,0.0
1993-02-13,6,11,18,19,24,39,7.0
1993-02-20,9,10,23,24,36,49,4.0
1993-02-27,4,7,9,14,22,38,1.0
1993-03-06,6,12,17,18,30,32,2.0
1993-03-13,7,10,34,37,40,41,6.0
1993-03-20,10,12,21,34,44,49,2.0
1993-03-27,4,6,8,10,15,31,7.0
1993-04-03,9,16,22,26,44,46,2.0
1993-04-10,5,24,28,30,44,49,6.0
1993-04-17,18,22,23,27,32,36,0.0
1993-04-24,15,17,18,26,34,49,2.0
1993-05-01,1,2,6,13,30,34,8.0
1993-05-08,9,12,21,31,37,44,9.0
1993-05-15,8,22,26,30,31,48,3.0
1993-05-22,1,6,7,28,29,42,4.0
1993-05-29,14,24,26,29,30,40,4.0
1993-06-05,5,20,25,33,41,43,9.0
1993-06-12,10,18,22,34,35,43,6.0
1993-06-19,7,8,24,30,33,37,7.0
1993-06-26,6,8,11,14,41,49,4.0
1993-07-03,3,18,27,29,32,36,4.0
1993-07-10,15,17,26,27,40,41,3.0
1993-07-17,4,11,13,15,46,47,8.0
1993-07-24,6,18,25,32,41,46,6.0
1993-07-31,2,3,6,21,22,44,3.0
1993-08-07,13,17,20,25,41,46,4.0
1993-08-14,15,17,20,35,38,44,8.0
1993-08-21,6,8,9,29,31,44,8.0
1993-08-28,5,14,20,26,30,41,5.0
1993-09-04,2,14,19,25,26,39,8.0
1993-09-11,1,8,26,27,29,44,1.0
1993-09-18,5,14,22,23,37,47,8.0
1993-09-25,12,24,32,36,40,42,1.0
1993-10-02,6,25,27,30,34,39,6.0
1993-10-09,5,27,34,35,37,49,0.0
1993-10-16,6,12,14,20,34,46,5.0
1993-10-23,12,25,31,36,45,47,6.0
1993-10-30,1,12,18,20,27,28,5.0
1993-11-06,19,29,39,42,48,49,9.0
1993-11-13,1,3,21,26,38,46,2.0
1993-11-20,4,10,21,31,35,37,4.0
1993-11-27,2,5,6,8,22,24,5.0
1993-12-04,9,24,26,29,39,49,0.0
1993-12-11,9,27,30,33,36,48,5.0
1993-12-18,2,18,30,36,39,47,6.0
1993-12-25,18,22,29,32,34,44,3.0
1994-01-01,5,15,38,41,42,49,9.0
1994-01-08,10,13,19,32,35,43,5.0
1994-01-15,13,22,32,39,41,43,0.0
1994-01-22,3,13,17,30,37,44,4.0
1994-01-29,10,20,28,37,46,48,9.0
1994-02-05,5,10,18,21,29,34,9.0
1994-02-12,2,16,17,34,39,40,3.0
1994-02-19,2,12,15,24,31,39,7.0
1994-02-26,7,9,31,39,44,48,4.0
1994-03-05,4,7,11,32,46,49,2.0
1994-03-12,7,19,29,37,42,46,5.0
1994-03-19,11,14,24,32,36,42,0.0
1994-03-26,4,25,27,33,40,44,9.0
1994-04-02,19,21,32,37,48,49,6.0
1994-04-09,3,9,25,37,39,47,0.0
1994-04-16,1,6,17,21,24,46,4.0
1994-04-23,11,16,17,35,41,44,2.0
1994-04-30,2,14,17,29,36,44,8.0
1994-05-07,6,8,16,20,33,47,2.0
1994-05-14,4,8,11,17,38,39,1.0
1994-05-21,6,17,26,39,44,47,2.0
1994-05-28,2,16,19,38,46,49,6.0
1994-06-04,15,25,27,32,46,48,0.0
1994-06-11,4,9,16,29,39,49,8.0
1994-06-18,13,20,26,42,44,45,6.0
1994-06-25,1,2,10,29,30,35,7.0
1994-07-02,3,8,22,25,35,49,2.0
1994-07-09,17,18,25,27,28,36,4.0
1994-07-16,2,15,22,24,28,35,0.0
1994-07-23,5,7,20,40,45,48,3.0
1994-07-30,18,20,35,40,42,49,3.0
1994-08-06,7,20,27,39,42,44,7.0
1994-08-13,3,16,17,26,40,43,7.0
1994-08-20,4,27,33,36,40,41,3.0
1994-08-27,5,8,9,10,24,38,9.0
1994-09-03,5,16,17,24,30,42,5.0
1994-09-10,3,18,34,37,42,45,7.0
1994-09-17,14,15,27,37,41,48,2.0
1994-09-24,6,7,16,23,44,47,4.0
1994-10-01,1,8,9,28,32,38,6.0
1994-10-08,3,12,35,36,44,48,2.0
1994-10-15,5,7,18,22,38,41,1.0
1994-10-22,19,22,27,31,45,46,8.0
1994-10-29,7,13,15,23,29,33,4.0
1994-11-05,6,9,22,24,30,33,4.0
1994-11-12,19,29,31,36,41,48,7.0
1994-11-19,3,4,6,18,46,47,3.0
1994-11-26,3,10,13,14,23,28,1.0
1994-12-03,3,23,27,32,36,48,1.0
1994-12-10,2,3,5,8,13,43,1.0
1994-12-17,19,24,35,36,37,38,5.0
1994-12-24,1,6,13,16,30,43,9.0
1994-12-31,7,15,26,32,37,41,8.0
1995-01-07,2,12,19,41,47,48,5.0
1995-01-14,8,23,28,40,42,45,8.0
1995-01-21,12,18,21,27,41,44,6.0
1995-01-28,17,33,37,39,45,49,9.0
1995-02-04,2,4,6,8,31,44,5.0
1995-02-11,11,13,35,38,41,42,0.0
1995-02-18,1,9,12,24,31,38,1.0
1995-02-25,3,6,26,34,37,47,1.0
1995-03-04,27,36,37,41,47,49,6.0
1995-03-11,4,18,21,25,26,31,6.0
1995-03-18,7,8,13,32,33,43,0.0
1995-03-25,5,10,13,28,32,43,3.0
1995-04-01,4,11,20,32,33,48,2.0
1995-04-08,13,15,24,32,36,49,5.0
1995-04-15,10,23,26,33,38,45,6.0
1995-04-22,20,22,25,26,33,37,6.0
1995-04-29,4,13,21,25,26,31,8.0
1995-05-06,2,18,27,31,38,39,2.0
1995-05-13,1,16,28,30,34,48,3.0
1995-05-20,6,12,16,20,39,41,0.0
1995-05-27,1,13,18,25,28,30,0.0
1995-06-03,10,11,26,29,32,45,1.0
1995-06-10,3,18,20,21,30,40,0.0
1995-06-17,11,14,25,40,42,48,1.0
1995-06-24,3,7,28,30,33,37,0.0
1995-07-01,2,23,28,29,44,47,8.0
1995-07-08,9,10,21,22,24,44,0.0
1995-07-15,3,5,25,34,44,46,9.0
1995-07-22,12,13,16,26,32,47,1.0
1995-07-29,11,12,39,41,43,45,5.0
1995-08-05,5,9,17,23,36,47,6.0
1995-08-12,13,20,26,44,48,49,3.0
1995-08-19,4,23,32,36,42,49,3.0
1995-08-26,13,17,20,27,33,48,5.0
1995-09-02,6,11,25,32,37,42,2.0
1995-09-09,7,16,23,37,41,42,9.0
1995-09-16,19,21,29,37,40,43,7.0
1995-09-23,20,24,27,28,38,40,4.0
1995-09-30,6,11,14,15,25,46,2.0
1995-10-07,3,9,10,18,37,39,4.0
1995-10-14,3,5,21,31,42,47,4.0
1995-10-21,10,15,32,36,37,39,1.0
1995-10-28,2,11,13,20,36,40,8.0
1995-11-04,18,23,29,33,37,44,0.0
1995-11-11,15,21,24,33,38,39,9.0
1995-11-18,1,13,23,25,32,43,9.0
1995-11-25,32,39,42,44,48,49,0.0
1995-12-02,2,16,25,26,37,39,4.0
1995-12-09,2,9,12,15,38,39,6.0
1995-12-16,13,21,28,33,39,47,3.0
1995-12-23,6,7,20,35,44,47,8.0
1995-12-30,8,21,24,32,43,49,6.0
1996-01-06,3,6,14,19,22,32,4.0
1996-01-13,3,7,20,26,29,42,1.0
1996-01-20,8,9,17,25,42,43,8.0
1996-01-27,3,10,21,33,36,49,4.0
1996-02-03,5,13,20,25,38,40,4.0
1996-02-10,26,34,36,41,47,48,7.0
1996-02-17,1,4,20,30,43,47,5.0
1996-02-24,4,23,29,31,37,43,6.0
1996-03-02,3,9,20,34,35,38,0.0
1996-03-09,3,14,18,19,24,38,3.0
1996-03-16,12,15,17,25,35,36,9.0
1996-03-23,7,24,25,31,35,46,0.0
1996-03-30,2,8,12,20,35,45,4.0
1996-04-06,19,24,30,41,43,44,9.0
1996-04-13,7,9,10,11,18,23,4.0
1996-04-20,3,11,13,28,32,36,3.0
1996-04-27,2,25,27,28,38,42,3.0
1996-05-04,6,10,11,21,42,48,4.0
1996-05-11,4,6,18,39,41,49,9.0
1996-05-18,6,17,29,35,44,48,5.0
1996-05-25,6,18,21,27,28,36,6.0
1996-06-01,8,23,27,29,43,47,2.0
1996-06-08,8,12,16,20,28,41,3.0
1996-06-15,15,30,32,33,36,37,5.0
1996-06-22,11,12,17,23,34,41,0.0
1996-06-29,1,2,3,11,26,47,3.0
1996-07-06,9,11,15,18,33,46,1.0
1996-07-13,10,28,33,37,40,41,2.0
1996-07-20,13,18,33,45,47,48,3.0
1996-07-27,2,6,13,26,32,34,7.0
1996-08-03,2,23,37,39,43,45,9.0
1996-08-10,2,17,19,23,38,47,5.0
1996-08-17,3,5,17,37,47,49,5.0
1996-08-24,1,18,29,34,46,49,1.0
1996-08-31,8,29,30,34,35,39,5.0
1996-09-07,8,14,16,29,30,45,2.0
1996-09-14,3,7,14,16,43,45,1.0
1996-09-21,5,8,15,40,44,49,8.0
1996-09-28,2,7,16,24,43,48,8.0
1996-10-05,1,3,7,24,34,43,2.0
1996-10-12,4,17,23,24,35,37,2.0
1996-10-19,6,10,22,24,25,32,7.0
1996-10-26,3,20,21,24,35,42,9.0
1996-11-02,9,10,20,32,36,47,2.0
1996-11-09,4,7,16,18,28,48,2.0
1996-11-16,2,20,21,23,26,36,5.0
1996-11-23,20,23,36,38,39,44,9.0
1996-11-30,4,5,24,30,32,39,9.0
1996-12-07,2,8,10,14,27,42,3.0
1996-12-14,6,22,33,35,41,44,2.0
1996-12-21,10,11,13,32,39,49,3.0
1996-12-28,4,18,32,44,46,49,4.0
1997-01-04,6,10,31,44,46,48,2.0
1997-01-11,3,28,29,33,35,40,1.0
1997-01-18,10,19,28,36,44,47,1.0
1997-01-25,1,7,11,14,29,36,2.0
1997-02-01,10,22,24,26,31,39,5.0
1997-02-08,5,10,15,26,33,49,1.0
1997-02-15,16,27,30,34,38,47,1.0
1997-02-22,2,8,15,27,30,39,1.0
1997-03-01,5,7,13,20,22,44,0.0
1997-03-08,3,9,31,43,46,49,0.0
1997-03-15,2,7,8,27,31,41,0.0
1997-03-22,6,8,11,15,31,32,3.0
1997-03-29,18,23,26,28,44,49,9.0
1997-04-05,26,27,33,38,40,46,7.0
1997-04-12,7,13,18,22,26,36,2.0
1997-04-19,2,24,25,26,41,46,9.0
1997-04-26,9,14,24,27,33,36,7.0
1997-05-03,3,13,14,15,21,31,6.0
1997-05-10,1,8,11,19,47,49,8.0
1997-05-17,3,4,29,35,38,49,8.0
1997-05-24,6,8,14,23,26,46,0.0
1997-05-31,2,10,15,26,32,37,2.0
1997-06-07,4,9,14,41,45,47,4.0
1997-06-14,9,16,17,29,37,44,4.0
1997-06-21,2,15,18,27,29,43,0.0
1997-06-28,4,13,27,29,30,47,1.0
1997-07-05,3,14,23,26,36,46,6.0
1997-07-12,6,15,29,30,38,47,1.0
1997-07-19,8,10,11,18,23,45,1.0
1997-07-26,4,6,15,25,35,49,0.0
1997-08-02,3,8,21,26,33,42,7.0
1997-08-09,10,12,16,30,39,42,8.0
1997-08-16,14,39,40,43,45,48,3.0
1997-08-23,6,11,24,27,31,45,6.0
1997-08-30,8,13,18,29,35,49,9.0
1997-09-06,6,7,15,24,44,47,8.0
1997-09-13,10,16,35,36,37,44,0.0
1997-09-20,6,12,16,36,37,48,3.0
1997-09-27,11,15,16,34,40,43,5.0
1997-10-04,9,13,23,27,38,40,8.0
1997-10-11,5,6,29,30,32,45,2.0
1997-10-18,2,10,25,29,30,42,4.0
1997-10-25,16,21,31,46,47,48,2.0
1997-11-01,4,9,18,28,33,49,5.0
1997-11-08,1,15,26,27,28,32,7.0
1997-11-15,7,10,11,12,35,43,9.0
1997-11-22,10,33,36,39,47,48,4.0
1997-11-29,1,11,14,16,36,48,1.0
1997-12-06,1,13,15,34,40,49,5.0
1997-12-13,3,9,22,23,40,41,3.0
1997-12-20,14,19,34,35,39,42,6.0
1997-12-27,4,12,17,41,42,47,2.0
1998-01-03,12,15,16,20,29,45,7.0
1998-01-10,2,19,29,36,43,49,1.0
1998-01-17,15,30,31,32,41,48,5.0
1998-01-24,14,22,25,35,44,48,8.0
1998-01-31,5,6,17,23,27,47,6.0
1998-02-07,12,36,40,42,44,48,6.0
1998-02-14,10,11,17,32,36,49,3.0
1998-02-21,2,13,29,37,47,49,0.0
1998-02-28,24,33,36,44,45,49,7.0
1998-03-07,12,18,23,25,40,44,5.0
1998-03-14,1,12,22,31,39,45,2.0
1998-03-21,5,9,16,38,40,41,1.0
1998-03-28,2,8,10,11,22,35,0.0
1998-04-04,3,17,39,41,42,48,8.0
1998-04-11,8,23,31,33,35,39,0.0
1998-04-18,3,11,24,45,46,49,0.0
1998-04-25,8,33,38,44,47,49,4.0
1998-05-02,18,32,34,38,40,48,5.0
1998-05-09,1,3,14,21,22,47,1.0
1998-05-16,5,15,22,36,37,43,2.0
1998-05-23,11,13,22,27,33,48,9.0
1998-05-30,4,9,15,22,38,45,0.0
1998-06-06,5,15,21,32,34,35,9.0
1998-06-13,6,8,14,20,27,34,8.0
1998-06-20,19,27,29,31,38,44,4.0
1998-06-27,1,6,11,12,16,20,3.0
1998-07-04,14,16,23,25,30,36,6.0
1998-07-11,2,10,14,38,41,49,9.0
1998-07-18,2,19,30,31,37,42,7.0
1998-07-25,9,13,14,34,38,49,7.0
1998-08-01,3,20,21,38,39,43,8.0
1998-08-08,7,11,15,22,37,39,3.0
1998-08-15,6,19,20,30,46,48,5.0
1998-08-22,5,24,36,38,40,47,8.0
1998-08-29,3,7,11,26,42,43,5.0
1998-09-05,8,15,32,41,45,48,4.0
1998-09-12,9,28,29,38,46,49,0.0
1998-09-19,9,20,26,27,32,48,6.0
1998-09-26,1,5,7,12,13,36,4.0
1998-10-03,18,23,29,32,40,44,4.0
1998-10-10,4,27,29,31,39,41,4.0
1998-10-17,1,5,28,32,35,36,4.0
1998-10-24,1,7,19,26,31,38,2.0
1998-10-31,2,5,6,24,26,44,0.0
1998-11-07,1,4,19,23,31,32,2.0
1998-11-14,7,25,27,32,33,41,7.0
1998-11-21,2,11,21,31,36,41,9.0
1998-11-28,10,17,28,33,34,38,3.0
1998-12-05,9,22,31,35,43,48,5.0
1998-12-12,7,10,17,25,28,41,4.0
1998-12-19,7,14,19,29,32,33,4.0
1998-12-26,19,20,24,29,43,45,0.0
1999-01-02,4,12,19,27,41,45,0.0
1999-01-09,4,6,11,17,20,48,2.0
1999-01-16,18,26,30,32,40,46,0.0
1999-01-23,10,15,25,27,32,46,7.0
1999-01-30,4,5,18,20,22,41,9.0
1999-02-06,13,29,37,38,45,48,4.0
1999-02-13,3,29,35,38,43,49,5.0
1999-02-20,1,9,13,23,46,48,0.0
1999-02-27,12,15,20,22,26,32,6.0
1999-03-06,3,18,27,38,44,49,7.0
1999-03-13,1,11,19,20,24,34,6.0
1999-03-20,12,15,25,29,30,44,8.0
1999-03-27,1,8,18,29,32,38,4.0
1999-04-03,2,11,20,29,35,46,6.0
1999-04-10,2,3,4,5,6,26,4.0
1999-04-17,6,7,36,39,42,46,3.0
1999-04-24,4,18,25,29,34,36,0.0
1999-05-01,9,12,13,24,26,48,0.0
1999-05-08,3,16,17,23,39,47,8.0
1999-05-15,11,28,40,42,46,49,3.0
1999-05-22,14,18,33,35,39,41,1.0
1999-05-29,1,11,12,13,42,43,2.0
1999-06-05,5,19,21,31,43,48,9.0
1999-06-12,12,13,24,25,41,42,9.0
1999-06-19,12,30,31,34,35,49,6.0
1999-06-26,1,14,16,18,48,49,1.0
1999-07-03,6,15,23,24,25,32,4.0
1999-07-10,3,5,15,30,38,44,1.0
1999-07-17,3,11,22,36,43,44,8.0
1999-07-24,27,28,31,34,35,49,7.0
1999-07-31,3,16,21,29,33,44,5.0
1999-08-07,9,20,21,27,33,42,1.0
1999-08-14,19,22,33,40,42,49,2.0
1999-08-21,4,9,20,23,24,41,2.0
1999-08-28,1,14,21,28,43,47,3.0
1999-09-04,17,19,24,30,34,35,0.0
1999-09-11,1,14,19,34,35,36,2.0
1999-09-18,21,24,28,35,44,45,5.0
1999-09-25,12,18,22,25,29,42,6.0
1999-10-02,10,19,27,35,42,45,4.0
1999-10-09,6,17,19,20,29,44,2.0
1999-10-16,3,4,7,12,30,42,1.0
1999-10-23,3,5,22,27,34,35,7.0
1999-10-30,1,10,14,23,45,49,3.0
1999-11-06,5,7,12,25,34,49,9.0
1999-11-13,14,19,23,27,30,47,2.0
1999-11-20,1,7,8,9,24,41,1.0
1999-11-27,2,5,24,37,43,48,1.0
1999-12-04,4,19,28,43,44,46,4.0
1999-12-11,6,7,19,22,46,47,4.0
1999-12-18,2,6,17,20,25,38,2.0
1999-12-25,5,18,23,24,30,33,4.0
2000-01-01,1,2,12,30,40,47,0.0
2000-01-08,4,6,20,29,31,37,8.0
2000-01-15,22,31,32,33,35,38,8.0
2000-01-22,10,15,25,28,30,40,7.0
2000-01-29,19,21,30,34,41,45,0.0
2000-02-05,12,23,26,27,31,43,2.0
2000-02-12,4,11,20,24,33,48,7.0
2000-02-19,9,10,15,17,20,40,3.0
2000-02-26,3,5,11,27,32,36,7.0
2000-03-04,5,13,14,22,29,32,7.0
2000-03-11,7,12,26,42,44,49,7.0
2000-03-18,2,4,5,8,29,42,1.0
2000-03-25,20,33,36,38,39,43,8.0
2000-04-01,1,11,17,25,42,48,0.0
2000-04-08,5,16,22,41,44,45,4.0
2000-04-15,1,7,11,13,15,25,2.0
2000-04-22,15,16,21,25,32,33,3.0
2000-04-29,7,14,30,36,38,39,6.0
2000-05-06,4,9,16,34,38,40,6.0
2000-05-13,5,6,25,29,37,43,6.0
2000-05-20,19,31,32,36,40,49,9.0
2000-05-27,9,16,26,29,35,40,0.0
2000-06-03,9,21,25,27,39,40,7.0
2000-06-10,1,25,33,35,37,44,2.0
2000-06-17,24,28,32,40,46,49,7.0
2000-06-24,6,13,28,29,42,43,6.0
2000-07-01,16,18,24,29,36,44,9.0
2000-07-08,2,8,11,15,17,35,1.0
2000-07-15,3,9,24,28,31,38,6.0
2000-07-22,2,9,14,38,40,44,0.0
2000-07-29,5,13,27,28,32,33,9.0
2000-08-05,16,18,21,26,32,47,1.0
2000-08-12,16,19,26,32,38,39,2.0
2000-08-19,1,20,25,31,32,39,3.0
2000-08-26,1,4,27,28,43,46,6.0
2000-09-02,22,23,25,32,35,36,2.0
2000-09-09,16,29,39,40,41,47,6.0
2000-09-16,4,10,18,20,25,43,2.0
2000-09-23,9,18,26,35,39,45,3.0
2000-09-30,1,2,7,10,11,35,3.0
2000-10-07,1,3,26,32,38,48,7.0
2000-10-14,2,26,37,38,39,47,2.0
2000-10-21,10,21,24,30,32,33,2.0
2000-10-28,5,11,13,29,35,49,8.0
2000-11-04,17,22,37,43,46,48,3.0
2000-11-11,24,26,27,39,41,49,6.0
2000-11-18,1,6,8,23,37,47,9.0
2000-11-25,4,10,14,37,43,48,2.0
2000-12-02,4,32,42,43,45,46,5.0
2000-12-06,8,9,29,30,33,43,8.0
2000-12-09,4,11,15,26,33,40,0.0
2000-12-13,5,15,17,23,26,37,9.0
2000-12-16,11,24,27,31,40,48,7.0
2000-12-20,6,7,24,26,35,38,3.0
2000-12-23,11,13,18,20,28,33,3.0
2000-12-27,11,13,24,27,41,48,0.0
2000-12-30,2,5,7,17,27,47,4.0
2001-01-03,13,19,21,34,36,46,2.0
2001-01-06,8,12,17,26,37,42,6.0
2001-01-10,3,4,15,24,27,28,2.0
2001-01-13,4,6,28,31,37,46,4.0
2001-01-17,11,12,20,43,45,49,4.0
2001-01-20,1,3,28,47,48,49,2.0
2001-01-24,6,7,9,18,38,46,9.0
2001-01-27,2,12,13,38,40,43,4.0
2001-01-31,14,16,19,24,30,33,3.0
2001-02-03,3,12,15,28,35,37,2.0
2001-02-07,1,5,10,26,31,40,8.0
2001-02-10,32,34,39,41,42,44,0.0
2001-02-14,2,25,26,31,34,48,6.0
2001-02-17,12,13,16,21,33,49,9.0
2001-02-21,4,5,10,22,25,26,4.0
2001-02-24,4,21,23,29,47,48,9.0
2001-02-28,16,23,30,33,38,49,0.0
2001-03-03,9,34,41,42,43,46,2.0
2001-03-07,1,6,17,29,32,44,6.0
2001-03-10,10,15,21,25,38,48,7.0
2001-03-14,22,26,32,38,39,45,4.0
2001-03-17,5,25,33,41,44,49,5.0
2001-03-21,11,22,26,28,45,49,9.0
2001-03-24,9,11,30,36,45,49,2.0
2001-03-28,14,19,24,25,31,41,9.0
2001-03-31,2,10,14,15,28,44,0.0
2001-04-04,4,12,21,22,24,31,6.0
2001-04-07,3,9,33,36,37,38,3.0
2001-04-11,4,12,24,28,33,36,2.0
2001-04-14,2,9,11,21,24,42,7.0
2001-04-18,1,6,17,19,29,48,6.0
2001-04-21,2,7,18,25,27,48,8.0
2001-04-25,9,13,20,26,31,42,8.0
2001-04-28,3,7,14,33,35,38,3.0
2001-05-02,2,12,14,24,31,44,1.0
2001-05-05,29,36,41,42,44,49,5.0
2001-05-09,4,16,17,26,30,36,3.0
2001-05-12,1,7,28,29,31,46,9.0
2001-05-16,2,16,19,23,33,35,7.0
2001-05-19,1,9,10,11,15,34,1.0
2001-05-23,13,15,31,40,44,46,2.0
2001-05-26,2,8,13,22,42,43,1.0
2001-05-30,16,26,27,35,47,48,3.0
2001-06-02,8,13,23,34,35,39,1.0
2001-06-06,8,9,26,34,42,47,6.0
2001-06-09,2,6,15,31,48,49,3.0
2001-06-13,6,15,17,20,34,41,5.0
2001-06-16,4,17,22,25,32,36,3.0
2001-06-20,1,2,5,8,25,27,9.0
2001-06-23,6,18,29,35,40,42,6.0
2001-06-27,13,17,20,24,27,47,2.0
2001-06-30,6,12,14,16,27,43,9.0
2001-07-04,2,17,31,34,37,43,7.0
2001-07-07,11,22,37,39,40,42,3.0
2001-07-11,1,8,12,27,39,45,7.0
2001-07-14,6,18,22,23,31,38,5.0
2001-07-18,11,12,31,34,44,45,5.0
2001-07-21,21,25,33,37,38,44,1.0
2001-07-25,6,12,13,32,37,39,2.0
2001-07-28,2,6,18,22,23,27,9.0
2001-08-01,9,30,32,34,41,48,6.0
2001-08-04,6,10,17,29,35,47,5.0
2001-08-08,10,17,20,22,40,41,8.0
2001-08-11,2,14,22,24,28,34,6.0
2001-08-15,10,11,23,31,35,47,4.0
2001-08-18,6,7,12,26,29,44,7.0
2001-08-22,3,11,25,35,36,48,8.0
2001-08-25,2,15,28,30,32,41,7.0
2001-08-29,6,16,22,28,34,35,2.0
2001-09-01,1,6,25,27,35,38,8.0
2001-09-05,1,9,25,33,38,44,1.0
2001-09-08,2,4,6,12,28,40,5.0
2001-09-12,4,18,23,26,43,44,5.0
2001-09-15,12,19,26,27,33,38,9.0
2001-09-19,4,10,23,24,25,30,8.0
2001-09-22,12,28,32,33,36,48,1.0
2001-09-26,1,17,21,23,28,46,8.0
2001-09-29,8,20,23,27,28,41,3.0
2001-10-03,11,17,20,33,43,49,7.0
2001-10-06,6,9,25,30,41,42,9.0
2001-10-10,7,33,37,41,47,49,1.0
2001-10-13,2,9,10,15,25,38,4.0
2001-10-17,7,23,34,35,37,42,9.0
2001-10-20,3,8,11,37,40,42,0.0
2001-10-24,4,26,27,32,40,48,1.0
2001-10-27,4,18,22,23,27,37,4.0
2001-10-31,11,18,23,26,36,38,8.0
2001-11-03,3,5,7,24,26,42,0.0
2001-11-07,3,4,7,10,17,22,0.0
2001-11-10,2,14,15,16,20,26,9.0
2001-11-14,2,3,15,22,27,42,1.0
2001-11-17,1,2,4,30,38,40,7.0
2001-11-21,14,25,34,43,44,46,3.0
2001-11-24,7,20,26,30,40,42,8.0
2001-11-28,7,22,25,36,37,48,0.0
2001-12-01,2,10,33,37,40,41,3.0
2001-12-05,3,5,18,25,46,48,8.0
2001-12-08,1,4,20,29,33,35,9.0
2001-12-12,1,15,19,30,40,47,3.0
2001-12-15,19,27,31,39,40,44,2.0
2001-12-19,1,19,24,43,44,46,8.0
2001-12-22,12,18,25,47,48,49,6.0
2001-12-26,2,22,23,28,40,49,7.0
2001-12-29,2,8,11,44,46,48,9.0
2002-01-02,13,21,25,34,35,46,1.0
2002-01-05,12,24,27,29,43,49,1.0
2002-01-09,4,24,37,39,43,47,8.0
2002-01-12,3,11,13,25,30,37,7.0
2002-01-16,19,22,25,26,28,42,3.0
2002-01-19,2,8,16,20,42,46,6.0
2002-01-23,21,31,32,34,38,46,6.0
2002-01-26,1,11,12,26,42,47,0.0
2002-01-30,7,13,29,39,42,46,6.0
2002-02-02,3,18,27,31,36,47,3.0
2002-02-06,6,18,25,33,34,45,3.0
2002-02-09,7,10,21,31,41,45,1.0
2002-02-13,1,5,6,11,17,45,4.0
2002-02-16,1,8,9,29,33,48,1.0
2002-02-20,2,11,22,25,38,40,6.0
2002-02-23,7,22,23,38,47,49,8.0
2002-02-27,4,17,25,32,37,45,5.0
2002-03-02,4,20,28,30,47,49,5.0
2002-03-06,7,11,22,25,33,44,1.0
2002-03-09,4,5,38,40,43,44,5.0
2002-03-13,30,31,32,33,37,43,7.0
2002-03-16,2,7,25,27,39,44,9.0
2002-03-20,4,9,13,35,40,44,6.0
2002-03-23,10,15,17,18,47,48,8.0
2002-03-27,1,5,8,27,36,48,6.0
2002-03-30,4,8,37,38,43,44,7.0
2002-04-03,8,13,16,20,33,37,0.0
2002-04-06,5,7,17,23,24,46,1.0
2002-04-10,9,13,16,18,38,41,7.0
2002-04-13,9,18,27,29,33,36,9.0
2002-04-17,3,4,13,34,43,47,5.0
2002-04-20,6,7,11,39,42,49,9.0
2002-04-24,4,15,42,43,46,48,9.0
2002-04-27,1,6,8,10,21,42,2.0
2002-05-01,1,8,11,22,26,42,0.0
2002-05-04,32,34,38,39,47,49,8.0
2002-05-08,4,35,36,38,43,46,9.0
2002-05-11,14,16,29,40,43,46,8.0
2002-05-15,13,23,26,27,34,46,6.0
2002-05-18,9,15,34,38,43,44,4.0
2002-05-22,4,8,21,25,33,41,7.0
2002-05-25,1,5,7,19,22,31,3.0
2002-05-29,1,5,7,14,22,42,6.0
2002-06-01,3,7,11,18,36,48,7.0
2002-06-05,16,25,28,41,44,47,4.0
2002-06-08,6,11,28,34,38,46,7.0
2002-06-12,17,23,29,36,41,43,6.0
2002-06-15,5,16,23,36,37,39,2.0
2002-06-19,13,14,30,37,41,42,1.0
2002-06-22,7,8,10,18,27,49,6.0
2002-06-26,11,21,32,41,42,46,4.0
2002-06-29,5,6,25,29,30,44,4.0
2002-07-03,7,9,12,13,14,49,5.0
2002-07-06,6,13,16,19,39,45,8.0
2002-07-10,4,17,25,40,47,48,2.0
2002-07-13,1,2,21,30,36,43,5.0
2002-07-17,14,21,26,27,28,39,4.0
2002-07-20,3,11,24,31,34,36,3.0
2002-07-24,11,12,18,19,41,42,6.0
2002-07-27,8,10,26,39,40,41,9.0
2002-07-31,4,12,16,26,34,40,0.0
2002-08-03,5,7,18,26,27,44,8.0
2002-08-07,4,9,14,38,41,45,4.0
2002-08-10,9,10,13,26,31,34,2.0
2002-08-14,1,11,18,22,26,31,3.0
2002-08-17,4,5,7,20,29,44,2.0
2002-08-21,9,15,22,26,34,41,0.0
2002-08-24,3,16,19,25,27,34,4.0
2002-08-28,13,22,34,36,37,44,7.0
2002-08-31,21,35,39,40,41,43,2.0
2002-09-04,27,29,34,38,41,44,5.0
2002-09-07,16,17,18,19,29,37,6.0
2002-09-11,12,23,24,25,28,45,1.0
2002-09-14,8,20,23,27,30,39,4.0
2002-09-18,20,24,25,37,39,49,1.0
2002-09-21,8,11,14,36,37,48,9.0
2002-09-25,3,4,7,25,36,38,5.0
2002-09-28,6,10,12,28,29,40,0.0
2002-10-02,4,18,21,27,38,46,9.0
2002-10-05,1,11,26,30,33,39,5.0
2002-10-09,7,19,31,34,37,42,3.0
2002-10-12,6,7,12,16,17,35,0.0
2002-10-16,9,11,21,25,37,40,2.0
2002-10-19,1,21,28,34,42,43,5.0
2002-10-23,1,5,13,14,31,37,7.0
2002-10-26,15,16,30,34,41,43,4.0
2002-10-30,7,25,30,31,34,49,6.0
2002-11-02,5,7,17,30,34,44,8.0
2002-11-06,21,23,29,33,43,44,4.0
2002-11-09,1,24,27,32,38,43,6.0
2002-11-13,6,8,19,26,34,47,5.0
2002-11-16,3,7,13,14,24,44,4.0
2002-11-20,22,24,26,31,40,49,5.0
2002-11-23,12,16,32,34,43,44,3.0
2002-11-27,18,21,23,32,39,44,3.0
2002-11-30,7,9,10,11,43,47,7.0
2002-12-04,3,6,9,26,30,46,1.0
2002-12-07,6,8,9,24,34,40,1.0
2002-12-11,9,11,23,32,33,39,3.0
2002-12-14,3,6,13,17,22,38,2.0
2002-12-18,24,30,36,37,44,48,4.0
2002-12-21,11,12,19,22,41,48,8.0
2002-12-25,6,14,17,25,34,49,6.0
2002-12-28,13,17,24,27,35,42,4.0
2003-01-01,11,14,36,41,42,45,2.0
2003-01-04,6,17,18,19,24,44,6.0
2003-01-08,2,27,30,31,32,37,5.0
2003-01-11,9,12,32,38,43,48,7.0
2003-01-15,3,5,29,37,42,49,0.0
2003-01-18,6,17,35,39,41,49,8.0
2003-01-22,2,14,19,27,40,44,2.0
2003-01-25,6,9,13,18,37,47,9.0
2003-01-29,24,27,30,33,35,47,6.0
2003-02-01,20,36,38,43,44,47,7.0
2003-02-05,8,11,12,23,35,47,6.0
2003-02-08,8,25,32,33,38,48,9.0
2003-02-12,10,31,33,35,41,42,7.0
2003-02-15,4,6,12,18,24,30,4.0
2003-02-19,19,23,24,34,40,43,5.0
2003-02-22,8,22,23,31,35,49,5.0
2003-02-26,10,11,14,17,19,39,9.0
2003-03-01,10,14,18,30,40,45,8.0
2003-03-05,4,20,26,36,43,49,0.0
2003-03-08,12,14,17,39,45,46,7.0
2003-03-12,6,7,19,33,34,37,5.0
2003-03-15,7,13,33,42,46,47,6.0
2003-03-19,9,16,20,23,33,37,1.0
2003-03-22,17,28,36,44,45,47,7.0
2003-03-26,15,16,25,32,37,44,7.0
2003-03-29,14,16,18,22,43,46,5.0
2003-04-02,1,14,16,17,19,21,9.0
2003-04-05,1,3,9,19,42,47,1.0
2003-04-09,5,11,17,20,39,48,3.0
2003-04-12,13,14,27,32,34,40,1.0
2003-04-16,4,5,8,34,35,42,6.0
2003-04-19,3,4,10,16,31,46,1.0
2003-04-23,5,6,9,14,25,46,7.0
2003-04-26,8,17,24,26,31,45,9.0
2003-04-30,17,22,23,26,30,45,7.0
2003-05-03,5,14,23,32,41,48,3.0
2003-05-07,9,12,13,25,29,33,2.0
2003-05-10,7,9,11,13,20,38,4.0
2003-05-14,15,25,28,38,40,45,6.0
2003-05-17,1,10,22,35,37,44,3.0
2003-05-21,10,19,28,29,33,35,2.0
2003-05-24,3,14,15,28,33,46,5.0
2003-05-28,8,20,31,39,40,46,5.0
2003-05-31,12,21,24,26,29,38,1.0
2003-06-04,3,11,32,34,36,43,5.0
2003-06-07,2,34,37,38,41,44,7.0
2003-06-11,6,20,22,31,38,49,9.0
2003-06-14,2,5,21,23,38,48,1.0
2003-06-18,10,12,13,24,37,41,5.0
2003-06-21,17,19,23,26,34,47,8.0
2003-06-25,5,10,11,27,39,48,3.0
2003-06-28,9,13,14,16,28,47,0.0
2003-07-02,1,14,20,29,45,46,2.0
2003-07-05,2,8,10,39,45,46,6.0
2003-07-09,2,7,9,36,42,46,6.0
2003-07-12,4,5,21,25,28,47,5.0
2003-07-16,5,10,15,23,29,33,8.0
2003-07-19,15,18,24,28,30,44,1.0
2003-07-23,2,15,17,41,42,49,6.0
2003-07-26,6,7,18,31,36,37,8.0
2003-07-30,8,17,37,39,40,45,6.0
2003-08-02,1,2,3,12,15,21,3.0
2003-08-06,7,17,25,35,38,45,6.0
2003-08-09,1,2,11,12,31,34,8.0
2003-08-13,3,6,9,18,27,48,5.0
2003-08-16,4,12,14,17,38,45,6.0
2003-08-20,24,38,42,44,45,48,5.0
2003-08-23,2,6,7,15,31,34,6.0
2003-08-27,5,8,19,23,35,48,0.0
2003-08-30,7,19,25,33,42,49,7.0
2003-09-03,4,5,9,16,18,43,6.0
2003-09-06,4,8,15,16,18,26,9.0
2003-09-10,17,19,20,35,40,48,3.0
2003-09-13,11,18,19,22,25,42,2.0
2003-09-17,3,13,23,34,35,48,5.0
2003-09-20,3,11,26,27,34,47,8.0
2003-09-24,17,20,22,25,43,46,6.0
2003-09-27,7,17,35,39,40,44,5.0
2003-10-01,5,9,14,18,32,38,4.0
2003-10-04,11,16,19,25,30,49,1.0
2003-10-08,8,15,16,34,40,46,3.0
2003-10-11,7,28,31,33,35,47,6.0
2003-10-15,1,4,24,31,32,33,4.0
2003-10-18,4,15,32,35,37,41,0.0
2003-10-22,1,6,8,19,26,44,3.0
2003-10-25,24,25,27,35,38,49,9.0
2003-10-29,9,11,20,25,43,47,8.0
2003-11-01,4,18,21,22,32,43,5.0
2003-11-05,8,10,13,27,32,48,6.0
2003-11-08,16,27,31,41,44,47,9.0
2003-11-12,10,14,25,36,41,46,0.0
2003-11-15,4,19,22,33,36,38,8.0
2003-11-19,5,10,18,27,32,39,6.0
2003-11-22,5,8,25,31,37,39,8.0
2003-11-26,5,26,27,28,29,37,2.0
2003-11-29,4,8,28,31,48,49,7.0
2003-12-03,9,16,18,41,47,48,4.0
2003-12-06,20,24,33,35,41,43,2.0
2003-12-10,1,9,15,24,30,43,5.0
2003-12-13,5,11,26,29,30,44,9.0
2003-12-17,5,11,14,20,39,40,3.0
2003-12-20,2,24,30,31,37,43,5.0
2003-12-24,4,6,9,14,27,31,4.0
2003-12-27,7,17,24,35,36,40,0.0
2003-12-31,4,6,22,31,39,47,8.0
2004-01-03,5,15,16,37,41,48,7.0
2004-01-07,10,12,24,44,45,49,7.0
2004-01-10,9,13,14,33,42,45,9.0
2004-01-14,5,17,19,21,23,28,7.0
2004-01-17,20,28,34,35,40,49,0.0
2004-01-21,5,22,29,30,33,49,4.0
2004-01-24,9,12,14,20,26,48,4.0
2004-01-28,15,17,18,27,33,38,2.0
2004-01-31,16,22,30,32,48,49,6.0
2004-02-04,1,2,16,21,31,41,4.0
2004-02-07,14,17,20,23,26,28,1.0
2004-02-11,4,17,27,28,34,39,9.0
2004-02-14,23,25,32,35,37,46,8.0
2004-02-18,20,27,30,40,46,48,3.0
2004-02-21,5,9,14,28,38,49,1.0
2004-02-25,5,11,13,21,28,49,4.0
2004-02-28,1,6,18,24,29,38,5.0
2004-03-03,20,22,29,44,46,49,7.0
2004-03-06,1,3,24,37,38,46,4.0
2004-03-10,4,8,17,38,40,47,2.0
2004-03-13,6,20,21,28,32,48,9.0
2004-03-17,1,12,15,21,29,34,4.0
2004-03-20,3,10,16,24,27,32,4.0
2004-03-24,3,8,9,11,31,44,6.0
2004-03-27,26,28,30,40,47,49,0.0
2004-03-31,13,20,22,23,25,35,4.0
2004-04-03,1,2,10,16,30,43,3.0
2004-04-07,4,6,10,33,34,45,4.0
2004-04-10,3,5,25,43,47,49,6.0
2004-04-14,4,12,13,38,43,47,1.0
2004-04-17,18,24,26,29,32,33,8.0
2004-04-21,1,3,32,33,46,47,1.0
2004-04-24,1,13,30,33,37,40,3.0
2004-04-28,25,29,34,43,45,48,6.0
2004-05-01,8,9,22,27,29,49,6.0
2004-05-05,6,12,25,31,41,46,8.0
2004-05-08,4,11,33,37,43,44,7.0
2004-05-12,5,7,13,23,28,38,7.0
2004-05-15,3,8,23,29,32,34,1.0
2004-05-19,3,13,19,24,27,44,7.0
2004-05-22,5,18,26,31,43,44,7.0
2004-05-26,8,12,17,21,35,40,0.0
2004-05-29,3,4,14,18,24,40,8.0
2004-06-02,10,17,32,38,41,43,4.0
2004-06-05,15,19,31,34,41,44,7.0
2004-06-09,5,11,16,28,32,40,4.0
2004-06-12,3,6,12,13,30,36,9.0
2004-06-16,2,11,14,22,34,47,7.0
2004-06-19,19,22,26,27,31,40,4.0
2004-06-23,8,13,14,19,39,44,4.0
2004-06-26,18,30,31,33,35,40,2.0
2004-06-30,6,8,15,27,33,34,9.0
2004-07-03,4,16,17,20,36,49,5.0
2004-07-07,4,11,12,26,41,45,8.0
2004-07-10,2,4,31,39,40,46,5.0
2004-07-14,6,7,8,34,42,48,4.0
2004-07-17,10,23,24,25,27,41,0.0
2004-07-21,10,11,38,43,45,47,0.0
2004-07-24,2,9,13,27,37,48,0.0
2004-07-28,3,13,30,35,41,49,3.0
2004-07-31,3,6,9,33,44,48,5.0
2004-08-04,8,17,19,33,43,45,3.0
2004-08-07,5,7,26,35,39,45,6.0
2004-08-11,12,18,23,27,32,46,4.0
2004-08-14,3,12,37,40,48,49,1.0
2004-08-18,5,7,8,14,23,33,2.0
2004-08-21,1,6,21,27,31,47,0.0
2004-08-25,2,5,13,19,30,47,9.0
2004-08-28,1,12,21,31,36,40,6.0
2004-09-01,17,31,32,41,42,43,4.0
2004-09-04,1,3,4,11,19,40,4.0
2004-09-08,3,9,20,38,39,45,2.0
2004-09-11,6,10,12,16,17,31,9.0
2004-09-15,1,26,27,28,29,31,6.0
2004-09-18,1,5,17,22,26,41,0.0
2004-09-22,2,6,12,14,28,40,4.0
2004-09-25,5,7,28,33,39,42,2.0
2004-09-29,1,14,28,29,43,45,1.0
2004-10-02,11,19,28,29,42,45,5.0
2004-10-06,9,23,29,37,39,43,0.0
2004-10-09,11,15,21,22,27,47,9.0
2004-10-13,11,12,13,20,32,42,8.0
2004-10-16,6,7,21,23,28,29,7.0
2004-10-20,6,7,10,18,35,43,3.0
2004-10-23,26,29,32,34,40,48,7.0
2004-10-27,7,27,29,31,37,38,3.0
2004-10-30,10,27,30,39,40,47,7.0
2004-11-03,5,8,15,22,35,48,5.0
2004-11-06,16,24,33,36,45,47,9.0
2004-11-10,7,8,19,25,28,45,4.0
2004-11-13,5,27,41,42,43,46,9.0
2004-11-17,5,15,17,24,26,43,9.0
2004-11-20,7,18,19,33,46,49,6.0
2004-11-24,7,8,31,35,36,49,5.0
2004-11-27,18,27,36,39,41,47,0.0
2004-12-01,3,10,13,28,38,45,2.0
2004-12-04,2,8,17,36,38,40,1.0
2004-12-08,4,14,15,25,30,32,3.0
2004-12-11,3,7,9,33,35,42,2.0
2004-12-15,6,13,19,34,45,48,9.0
2004-12-18,1,10,12,16,22,30,9.0
2004-12-22,5,15,16,19,20,43,0.0
2004-12-25,9,13,22,41,47,48,6.0
2004-12-29,4,5,25,26,28,39,7.0
2005-01-01,2,21,22,27,36,44,2.0
2005-01-05,1,11,20,24,26,41,8.0
2005-01-08,2,5,14,35,39,42,8.0
2005-01-12,3,5,6,10,30,45,3.0
2005-01-15,6,17,28,37,41,45,3.0
2005-01-19,7,8,14,36,39,45,3.0
2005-01-22,2,4,23,35,39,47,9.0
2005-01-26,4,24,32,36,42,45,0.0
2005-01-29,9,14,21,23,28,36,4.0
2005-02-02,6,22,26,30,36,44,1.0
2005-02-05,7,11,17,18,21,42,8.0
2005-02-09,10,15,19,39,44,46,3.0
2005-02-12,16,27,31,33,36,41,1.0
2005-02-16,1,6,10,19,22,46,1.0
2005-02-19,9,26,36,41,42,45,6.0
2005-02-23,20,34,37,38,39,45,5.0
2005-02-26,1,7,16,23,25,37,0.0
2005-03-02,9,24,25,27,35,39,0.0
2005-03-05,5,8,16,26,43,47,2.0
2005-03-09,7,16,27,33,35,44,0.0
2005-03-12,2,3,6,20,24,39,5.0
2005-03-16,4,6,16,29,33,40,5.0
2005-03-19,4,5,7,9,48,49,3.0
2005-03-23,18,21,32,33,45,48,1.0
2005-03-26,2,7,21,34,35,48,6.0
2005-03-30,1,3,7,14,40,46,9.0
2005-04-02,5,8,18,37,43,49,6.0
2005-04-06,6,14,28,32,43,47,8.0
2005-04-09,11,29,30,32,39,40,5.0
2005-04-13,15,22,26,28,36,42,2.0
2005-04-16,1,18,19,24,26,36,7.0
2005-04-20,6,9,16,20,25,43,9.0
2005-04-23,4,7,13,21,37,49,9.0
2005-04-27,5,6,18,27,41,48,1.0
2005-04-30,8,18,22,31,34,48,3.0
2005-05-04,3,7,21,24,30,39,0.0
2005-05-07,6,9,25,29,38,43,4.0
2005-05-11,2,18,22,46,47,49,6.0
2005-05-14,14,25,30,35,37,38,6.0
2005-05-18,1,18,20,26,27,44,2.0
2005-05-21,2,21,37,40,41,49,4.0
2005-05-25,22,23,33,43,47,49,0.0
2005-05-28,6,7,28,29,34,43,5.0
2005-06-01,2,15,29,32,33,39,2.0
2005-06-04,1,6,19,25,43,47,8.0
2005-06-08,6,10,23,25,45,49,7.0
2005-06-11,9,13,18,24,29,30,8.0
2005-06-15,11,12,14,18,31,32,3.0
2005-06-18,8,18,26,27,28,49,9.0
2005-06-22,5,33,40,41,44,48,5.0
2005-06-25,5,17,20,21,24,40,9.0
2005-06-29,7,16,18,25,26,41,1.0
2005-07-02,1,12,17,29,40,41,4.0
2005-07-06,11,16,29,35,38,47,8.0
2005-07-09,4,5,27,40,42,48,3.0
2005-07-13,10,14,18,24,39,47,9.0
2005-07-16,1,25,30,31,42,49,1.0
2005-07-20,4,10,19,25,33,43,3.0
2005-07-23,2,14,37,45,46,47,9.0
2005-07-27,15,16,25,27,38,47,8.0
2005-07-30,12,19,22,42,43,45,1.0
2005-08-03,4,7,10,12,24,33,7.0
2005-08-06,1,7,23,24,33,42,5.0
2005-08-10,8,9,16,20,35,45,1.0
2005-08-13,10,25,26,34,35,44,4.0
2005-08-17,9,10,16,22,23,45,0.0
2005-08-20,1,2,17,18,22,40,5.0
2005-08-24,7,11,22,38,43,49,8.0
2005-08-27,1,9,23,38,42,47,7.0
2005-08-31,1,8,12,15,24,29,3.0
2005-09-03,5,20,24,41,46,49,8.0
2005-09-07,2,6,7,20,24,33,8.0
2005-09-10,17,19,27,31,37,48,1.0
2005-09-14,10,22,26,35,41,47,4.0
2005-09-17,8,16,17,28,29,43,9.0
2005-09-21,14,22,28,36,38,46,8.0
2005-09-24,9,23,25,26,40,48,9.0
2005-09-28,11,25,28,32,37,44,7.0
2005-10-01,9,14,20,37,44,47,0.0
2005-10-05,11,19,23,30,36,47,0.0
2005-10-08,5,6,14,25,43,49,8.0
2005-10-12,2,3,10,35,36,41,7.0
2005-10-15,3,9,15,36,40,43,8.0
2005-10-19,1,23,24,26,30,35,3.0
2005-10-22,4,9,11,26,31,47,2.0
2005-10-26,9,19,21,24,34,35,7.0
2005-10-29,2,5,11,18,30,31,4.0
2005-11-02,13,14,16,17,25,27,0.0
2005-11-05,5,7,29,40,46,47,1.0
2005-11-09,4,19,26,30,46,47,0.0
2005-11-12,12,16,28,33,36,40,8.0
2005-11-16,2,16,17,23,27,38,0.0
2005-11-19,1,4,30,38,40,49,7.0
2005-11-23,15,18,24,45,47,49,4.0
2005-11-26,5,12,21,32,34,40,4.0
2005-11-30,20,22,25,35,40,46,2.0
2005-12-03,2,6,17,36,47,49,3.0
2005-12-07,7,28,29,34,35,47,0.0
2005-12-10,2,7,28,30,33,46,6.0
2005-12-14,16,25,39,40,41,49,7.0
2005-12-17,3,9,10,22,41,42,8.0
2005-12-21,9,18,24,26,30,34,1.0
2005-12-24,8,19,24,30,36,38,0.0
2005-12-28,7,11,36,40,41,49,7.0
2005-12-31,13,21,35,36,42,44,3.0
2006-01-04,5,11,12,13,20,41,7.0
2006-01-07,3,17,19,21,26,31,5.0
2006-01-11,1,4,5,16,19,26,3.0
2006-01-14,10,14,19,27,31,39,0.0
2006-01-18,12,13,14,18,27,44,7.0
2006-01-21,6,17,20,27,35,39,4.0
2006-01-25,4,13,17,23,36,49,0.0
2006-01-28,5,33,37,38,40,49,3.0
2006-02-01,7,13,22,23,35,38,6.0
2006-02-04,26,27,28,35,39,43,4.0
2006-02-08,1,5,6,12,29,34,1.0
2006-02-11,1,10,14,26,45,49,8.0
2006-02-15,11,17,19,20,26,30,3.0
2006-02-18,4,5,6,18,21,40,7.0
2006-02-22,6,7,14,15,30,48,5.0
2006-02-25,9,10,17,18,21,36,5.0
2006-03-01,2,19,22,37,41,48,9.0
2006-03-04,7,11,17,23,36,37,5.0
2006-03-08,4,9,15,19,30,33,8.0
2006-03-11,3,9,12,36,46,48,8.0
2006-03-15,1,3,9,10,14,38,2.0
2006-03-18,5,9,17,38,43,47,3.0
2006-03-22,3,4,9,19,24,40,3.0
2006-03-25,3,10,12,21,28,32,3.0
2006-03-29,3,10,16,17,26,30,3.0
2006-04-01,4,6,21,25,35,39,3.0
2006-04-05,9,21,27,30,32,46,1.0
2006-04-08,3,10,17,25,44,46,7.0
2006-04-12,15,20,23,46,47,48,9.0
2006-04-15,2,4,5,8,18,40,7.0
2006-04-19,11,13,18,32,41,47,4.0
2006-04-22,3,9,24,35,39,44,5.0
2006-04-26,12,16,17,31,34,43,7.0
2006-04-29,12,22,25,37,38,48,1.0
2006-05-03,5,10,18,23,35,44,7.0
2006-05-06,5,15,26,28,31,37,8.0
2006-05-10,6,24,33,35,39,47,4.0
2006-05-13,9,12,26,27,40,45,1.0
2006-05-17,1,22,31,35,40,45,3.0
2006-05-20,10,19,25,40,42,49,7.0
2006-05-24,2,17,21,31,45,47,8.0
2006-05-27,14,22,29,30,35,43,4.0
2006-05-31,11,26,33,45,48,49,4.0
2006-06-03,1,3,10,17,24,49,8.0
2006-06-07,1,7,23,29,34,45,4.0
2006-06-10,13,19,20,25,29,44,3.0
2006-06-14,5,7,12,17,29,45,4.0
2006-06-17,10,31,40,41,45,49,9.0
2006-06-21,18,19,34,43,45,48,3.0
2006-06-24,5,13,22,30,47,48,3.0
2006-06-28,4,6,8,14,41,42,1.0
2006-07-01,6,12,18,25,27,35,3.0
2006-07-05,7,10,19,32,34,41,9.0
2006-07-08,9,24,28,30,31,49,6.0
2006-07-12,6,22,27,34,35,43,5.0
2006-07-15,5,25,28,30,40,41,0.0
2006-07-19,5,25,31,44,46,47,0.0
2006-07-22,3,5,25,31,37,41,8.0
2006-07-26,4,11,18,20,30,49,5.0
2006-07-29,13,17,21,25,34,48,0.0
2006-08-02,16,20,23,28,40,43,1.0
2006-08-05,1,7,9,12,43,46,6.0
2006-08-09,4,29,30,33,36,39,5.0
2006-08-12,1,5,14,32,42,48,2.0
2006-08-16,2,19,30,32,41,48,2.0
2006-08-19,4,5,8,24,33,43,4.0
2006-08-23,2,9,12,28,30,38,0.0
2006-08-26,1,4,20,24,25,39,8.0
2006-08-30,21,22,25,37,45,48,1.0
2006-09-02,6,34,36,38,46,48,0.0
2006-09-06,3,5,25,38,39,40,2.0
2006-09-09,2,13,23,42,43,47,1.0
2006-09-13,10,14,17,22,31,39,5.0
2006-09-16,5,7,9,16,17,47,5.0
2006-09-20,1,3,15,22,24,36,3.0
2006-09-23,3,14,31,35,38,48,3.0
2006-09-27,13,20,27,33,38,45,6.0
2006-09-30,10,17,27,35,42,46,2.0
2006-10-04,6,8,12,33,38,42,6.0
2006-10-07,28,30,31,34,41,48,4.0
2006-10-11,19,26,30,40,43,45,4.0
2006-10-14,6,7,30,33,34,39,6.0
2006-10-18,1,8,25,36,37,40,3.0
2006-10-21,1,17,21,24,39,47,8.0
2006-10-25,11,12,30,32,33,46,3.0
2006-10-28,1,7,30,44,48,49,0.0
2006-11-01,10,14,23,40,42,48,0.0
2006-11-04,6,14,28,31,39,46,2.0
2006-11-08,6,10,15,20,27,37,3.0
2006-11-11,1,13,19,28,47,49,4.0
2006-11-15,2,7,21,26,27,49,6.0
2006-11-18,1,2,8,28,38,43,4.0
2006-11-22,12,22,29,33,34,42,4.0
2006-11-25,27,33,34,41,42,49,9.0
2006-11-29,2,13,20,28,42,45,6.0
2006-12-02,4,9,17,42,44,45,2.0
2006-12-06,2,3,6,23,35,39,2.0
2006-12-09,7,12,24,26,33,34,7.0
2006-12-13,5,6,18,20,22,45,8.0
2006-12-16,4,19,23,31,48,49,0.0
2006-12-20,4,10,29,44,46,49,5.0
2006-12-23,3,11,16,36,38,41,3.0
2006-12-27,9,13,15,26,38,43,3.0
2006-12-30,1,16,23,39,44,47,9.0
2007-01-03,2,4,30,35,36,45,1.0
2007-01-06,5,10,11,35,38,39,2.0
2007-01-10,4,6,27,36,37,40,4.0
2007-01-13,8,19,29,38,41,47,9.0
2007-01-17,9,12,14,27,32,46,9.0
2007-01-20,19,27,28,33,36,38,9.0
2007-01-24,8,10,11,33,34,42,7.0
2007-01-27,15,18,27,40,44,45,1.0
2007-01-31,3,8,10,20,26,44,2.0
2007-02-03,5,18,21,27,34,36,7.0
2007-02-07,6,7,11,16,23,48,1.0
2007-02-10,4,16,20,26,32,38,4.0
2007-02-14,7,8,24,33,44,45,8.0
2007-02-17,1,14,31,34,39,49,2.0
2007-02-21,13,14,23,38,41,43,8.0
2007-02-24,8,11,13,14,33,36,4.0
2007-02-28,13,14,26,28,31,43,8.0
2007-03-03,4,7,16,23,26,29,9.0
2007-03-07,9,17,19,24,43,49,7.0
2007-03-10,5,18,23,30,42,49,0.0
2007-03-14,3,5,15,22,24,37,5.0
2007-03-17,6,9,10,11,22,26,2.0
2007-03-21,2,3,6,11,31,33,7.0
2007-03-24,1,24,25,28,29,32,4.0
2007-03-28,3,11,15,26,27,41,0.0
2007-03-31,2,15,28,31,33,35,8.0
2007-04-04,3,5,7,21,31,43,4.0
2007-04-07,6,8,17,29,33,49,9.0
2007-04-11,7,10,15,17,22,47,0.0
2007-04-14,34,37,41,44,45,49,5.0
2007-04-18,14,22,31,37,39,45,6.0
2007-04-21,1,3,6,13,19,46,6.0
2007-04-25,7,13,34,36,42,43,5.0
2007-04-28,8,15,19,30,37,39,5.0
2007-05-02,22,23,30,34,40,48,5.0
2007-05-05,13,15,20,32,37,49,1.0
2007-05-09,8,15,22,44,46,47,0.0
2007-05-12,17,21,22,28,31,42,7.0
2007-05-16,10,12,16,23,40,42,2.0
2007-05-19,4,7,9,21,29,34,7.0
2007-05-23,9,10,19,20,31,45,8.0
2007-05-26,1,17,25,26,41,42,7.0
2007-05-30,14,18,23,27,34,39,2.0
2007-06-02,13,18,24,28,31,44,1.0
2007-06-06,4,12,25,29,44,45,0.0
2007-06-09,19,22,23,31,32,42,1.0
2007-06-13,3,6,16,23,38,45,6.0
2007-06-16,2,18,26,34,39,49,0.0
2007-06-20,3,7,11,12,17,39,8.0
2007-06-23,10,25,29,33,36,41,3.0
2007-06-27,3,4,8,10,17,34,1.0
2007-06-30,1,2,5,16,31,36,9.0
2007-07-04,16,20,21,24,30,38,3.0
2007-07-07,8,11,23,25,27,34,7.0
2007-07-11,6,15,28,46,47,49,8.0
2007-07-14,3,9,10,11,23,33,5.0
2007-07-18,4,20,24,27,36,39,5.0
2007-07-21,4,14,20,29,36,44,5.0
2007-07-25,13,20,23,26,35,43,6.0
2007-07-28,6,8,14,18,28,33,9.0
2007-08-01,7,14,17,33,40,42,5.0
2007-08-04,4,7,20,30,32,43,8.0
2007-08-08,7,13,17,24,37,44,3.0
2007-08-11,4,6,11,17,19,42,1.0
2007-08-15,1,13,27,28,31,37,7.0
2007-08-18,1,8,11,23,24,45,5.0
2007-08-22,14,31,33,38,39,49,4.0
2007-08-25,11,22,30,44,48,49,4.0
2007-08-29,2,7,16,20,31,43,5.0
2007-09-01,8,26,33,41,43,45,6.0
2007-09-05,1,9,24,30,31,48,4.0
2007-09-08,2,14,26,27,31,34,4.0
2007-09-12,1,28,31,36,38,49,6.0
2007-09-15,1,21,27,28,36,49,0.0
2007-09-19,6,14,28,32,34,40,0.0
2007-09-22,3,6,11,34,36,41,2.0
2007-09-26,11,15,31,34,39,43,7.0
2007-09-29,9,20,22,27,29,40,0.0
2007-10-03,2,14,33,42,48,49,9.0
2007-10-06,3,6,12,25,26,45,2.0
2007-10-10,13,15,25,29,34,36,7.0
2007-10-13,3,9,10,24,41,47,1.0
2007-10-17,22,26,34,42,43,46,9.0
2007-10-20,17,28,34,36,37,49,4.0
2007-10-24,7,14,15,20,23,46,2.0
2007-10-27,3,4,8,12,16,47,7.0
2007-10-31,6,22,29,34,46,49,6.0
2007-11-03,2,11,13,15,21,41,8.0
2007-11-07,6,10,18,28,33,38,8.0
2007-11-10,1,3,5,12,15,41,4.0
2007-11-14,2,8,27,45,47,48,5.0
2007-11-17,1,9,15,26,30,42,1.0
2007-11-21,25,34,40,41,43,47,8.0
2007-11-24,13,14,39,42,45,49,4.0
2007-11-28,7,8,10,16,40,49,0.0
2007-12-01,12,21,23,29,35,41,0.0
2007-12-05,9,10,24,28,39,42,3.0
2007-12-08,1,2,19,24,25,47,0.0
2007-12-12,10,13,23,34,44,46,1.0
2007-12-15,3,13,18,26,37,49,6.0
2007-12-19,3,7,29,32,37,45,0.0
2007-12-22,9,10,33,34,41,45,9.0
2007-12-26,12,13,17,20,31,37,2.0
2007-12-29,2,12,23,26,28,42,5.0
2008-01-02,2,7,10,27,30,49,2.0
2008-01-05,9,10,17,33,37,45,7.0
2008-01-09,26,28,30,38,40,41,2.0
2008-01-12,3,4,10,11,45,47,7.0
2008-01-16,8,16,19,27,47,48,0.0
2008-01-19,7,20,22,23,30,31,2.0
2008-01-23,10,11,15,16,28,37,1.0
2008-01-26,4,6,10,20,26,37,8.0
2008-01-30,6,7,12,27,46,48,8.0
2008-02-02,6,9,14,27,28,39,2.0
2008-02-06,4,6,25,26,41,49,9.0
2008-02-09,1,10,13,25,27,45,2.0
2008-02-13,1,7,20,25,33,42,0.0
2008-02-16,6,7,11,22,43,44,6.0
2008-02-20,1,18,22,23,37,42,7.0
2008-02-23,1,12,13,39,40,44,7.0
2008-02-27,9,18,21,34,36,39,0.0
2008-03-01,4,5,19,20,22,39,2.0
2008-03-05,6,12,16,18,34,44,7.0
2008-03-08,6,9,12,22,35,37,8.0
2008-03-12,2,9,22,24,37,44,8.0
2008-03-15,5,7,26,33,40,42,6.0
2008-03-19,4,21,22,34,43,48,4.0
2008-03-22,6,11,31,34,42,43,5.0
2008-03-26,10,17,28,29,34,36,4.0
2008-03-29,10,21,23,29,31,37,8.0
2008-04-02,1,14,31,33,36,48,2.0
2008-04-05,3,5,9,27,34,48,1.0
2008-04-09,2,8,27,31,35,42,4.0
2008-04-12,5,22,23,34,41,42,2.0
2008-04-16,9,10,11,28,40,46,1.0
2008-04-19,10,13,23,24,38,48,7.0
2008-04-23,2,8,26,32,35,39,9.0
2008-04-26,3,8,14,25,33,43,3.0
2008-04-30,4,5,37,39,40,45,3.0
2008-05-03,8,10,20,29,30,44,7.0
2008-05-07,16,24,30,31,36,49,9.0
2008-05-10,9,11,12,23,24,31,2.0
2008-05-14,8,13,18,29,38,41,1.0
2008-05-17,8,20,22,25,34,35,7.0
2008-05-21,2,10,16,21,45,48,0.0
2008-05-24,2,6,9,34,37,46,5.0
2008-05-28,3,9,24,31,32,34,6.0
2008-05-31,7,12,17,22,27,41,6.0
2008-06-04,7,8,27,30,43,47,4.0
2008-06-07,7,17,19,20,42,47,4.0
2008-06-11,16,24,31,41,44,47,2.0
2008-06-14,21,24,30,32,36,44,1.0
2008-06-18,3,4,32,39,40,43,5.0
2008-06-21,2,15,30,32,43,45,5.0
2008-06-25,13,20,30,32,37,47,4.0
2008-06-28,5,7,9,21,30,46,6.0
2008-07-02,1,9,12,22,23,27,6.0
2008-07-05,6,7,11,15,42,49,2.0
2008-07-09,9,11,12,21,34,44,4.0
2008-07-12,2,4,10,22,27,40,7.0
2008-07-16,15,17,24,27,32,37,2.0
2008-07-19,8,15,20,38,41,43,0.0
2008-07-23,2,15,22,25,38,42,4.0
2008-07-26,10,12,15,44,47,49,4.0
2008-07-30,4,23,25,29,36,45,0.0
2008-08-02,1,4,16,34,35,46,5.0
2008-08-06,4,17,22,28,29,40,3.0
2008-08-09,16,26,30,37,38,42,1.0
2008-08-13,4,14,26,32,41,45,2.0
2008-08-16,1,8,19,22,36,42,1.0
2008-08-20,15,16,19,28,36,40,7.0
2008-08-23,4,10,20,26,28,43,7.0
2008-08-27,15,18,20,29,31,33,9.0
2008-08-30,8,11,20,21,36,48,4.0
2008-09-03,3,7,8,38,43,45,2.0
2008-09-06,14,15,20,26,35,49,1.0
2008-09-10,2,10,23,24,32,34,2.0
2008-09-13,2,3,22,27,38,48,4.0
2008-09-17,7,8,17,35,36,47,0.0
2008-09-20,4,6,7,28,34,43,6.0
2008-09-24,3,21,28,39,45,47,4.0
2008-09-27,11,27,28,29,37,39,7.0
2008-10-01,9,11,20,31,35,42,2.0
2008-10-04,4,11,12,16,21,43,1.0
2008-10-08,5,9,11,13,30,39,3.0
2008-10-11,2,5,13,18,22,29,3.0
2008-10-15,4,14,26,34,35,47,8.0
2008-10-18,1,10,21,25,35,36,9.0
2008-10-22,13,15,17,18,20,31,5.0
2008-10-25,1,24,34,43,46,47,3.0
2008-10-29,4,21,26,31,42,45,8.0
2008-11-01,6,25,26,27,28,43,3.0
2008-11-05,2,3,4,12,44,49,2.0
2008-11-08,4,9,16,25,33,42,8.0
2008-11-12,5,16,20,33,41,48,6.0
2008-11-15,3,23,31,39,41,48,5.0
2008-11-19,4,14,17,32,36,44,3.0
2008-11-22,11,12,23,35,41,42,7.0
2008-11-26,2,23,25,32,43,49,4.0
2008-11-29,7,9,12,19,22,43,5.0
2008-12-03,8,15,16,33,44,47,3.0
2008-12-06,5,7,15,23,24,32,8.0
2008-12-10,12,14,15,17,31,38,4.0
2008-12-13,6,13,18,22,44,45,8.0
2008-12-17,1,12,16,24,32,49,8.0
2008-12-20,4,11,19,28,46,48,9.0
2008-12-24,1,22,39,42,43,47,2.0
2008-12-27,3,11,13,16,24,31,0.0
2008-12-31,6,24,29,30,36,49,2.0
2009-01-03,6,10,14,21,40,46,0.0
2009-01-07,3,6,20,23,26,37,7.0
2009-01-10,6,17,18,37,41,49,4.0
2009-01-14,1,7,9,22,29,32,1.0
2009-01-17,4,12,32,38,42,46,1.0
2009-01-21,5,7,8,10,38,40,0.0
2009-01-24,2,12,14,16,36,46,0.0
2009-01-28,1,3,15,24,38,47,0.0
2009-01-31,7,9,11,14,17,31,2.0
2009-02-04,2,5,10,21,42,46,1.0
2009-02-07,2,13,15,35,39,48,3.0
2009-02-11,13,22,39,41,42,43,7.0
2009-02-14,17,28,29,40,42,47,2.0
2009-02-18,15,19,39,43,48,49,3.0
2009-02-21,3,14,18,29,31,41,7.0
2009-02-25,2,7,10,22,34,43,1.0
2009-02-28,1,15,20,21,22,33,6.0
2009-03-04,6,28,31,38,42,44,4.0
2009-03-07,7,26,33,37,38,44,8.0
2009-03-11,8,13,32,39,47,48,5.0
2009-03-14,5,8,26,44,45,49,4.0
2009-03-18,4,17,29,37,42,47,5.0
2009-03-21,10,13,21,23,34,38,5.0
2009-03-25,14,25,31,32,41,49,8.0
2009-03-28,3,4,41,44,47,49,0.0
2009-04-01,3,13,17,21,32,33,8.0
2009-04-04,1,2,11,22,26,36,4.0
2009-04-08,5,12,19,28,29,37,1.0
2009-04-11,2,3,7,17,37,38,4.0
2009-04-15,2,4,9,20,42,48,5.0
2009-04-18,2,5,10,20,25,42,7.0
2009-04-22,6,11,24,31,32,45,7.0
2009-04-25,6,11,18,19,35,43,0.0
2009-04-29,7,10,14,15,40,41,9.0
2009-05-02,2,13,17,18,26,41,0.0
2009-05-06,1,2,7,41,44,45,3.0
2009-05-09,8,22,24,30,36,40,8.0
2009-05-13,16,25,34,41,45,47,5.0
2009-05-16,15,32,35,36,42,47,8.0
2009-05-20,6,8,27,28,31,47,5.0
2009-05-23,13,14,20,28,29,33,9.0
2009-05-27,9,11,16,19,42,44,4.0
2009-05-30,17,18,21,35,36,43,9.0
2009-06-03,3,9,15,18,21,33,7.0
2009-06-06,3,10,13,23,27,35,2.0
2009-06-10,11,23,28,32,35,36,3.0
2009-06-13,4,6,38,42,46,48,7.0
2009-06-17,7,10,29,40,42,43,4.0
2009-06-20,18,26,35,37,41,46,7.0
2009-06-24,9,19,32,36,37,39,3.0
2009-06-27,3,14,37,38,45,47,1.0
2009-07-01,2,11,18,26,32,49,5.0
2009-07-04,11,15,30,31,32,39,1.0
2009-07-08,4,5,31,36,40,43,6.0
2009-07-11,1,3,12,14,27,43,0.0
2009-07-15,2,6,14,25,38,43,0.0
2009-07-18,1,2,5,9,30,45,5.0
2009-07-22,3,8,19,32,40,43,6.0
2009-07-25,6,11,23,24,31,35,0.0
2009-07-29,9,10,13,20,32,37,3.0
2009-08-01,2,16,30,35,44,46,8.0
2009-08-05,4,36,13,19,15,39,5.0
2009-08-08,9,19,32,34,38,41,2.0
2009-08-12,8,15,24,28,37,40,0.0
2009-08-15,3,5,8,23,34,42,5.0
2009-08-19,22,32,35,39,43,44,9.0
2009-08-22,8,12,14,17,22,25,9.0
2009-08-26,15,22,23,26,33,43,6.0
2009-08-29,13,23,24,35,36,44,6.0
2009-09-02,7,8,29,30,34,39,4.0
2009-09-05,4,12,24,25,26,45,8.0
2009-09-09,12,16,22,29,34,43,1.0
2009-09-12,5,19,23,34,40,41,8.0
2009-09-16,5,22,27,31,32,49,3.0
2009-09-19,11,14,17,22,33,39,0.0
2009-09-23,3,4,23,30,43,44,6.0
2009-09-26,8,9,25,33,39,45,4.0
2009-09-30,20,22,30,31,37,41,6.0
2009-10-03,11,16,19,27,34,36,4.0
2009-10-07,10,28,34,38,45,48,0.0
2009-10-10,15,16,20,24,27,40,8.0
2009-10-14,10,22,23,41,43,47,8.0
2009-10-17,24,31,39,43,44,45,4.0
2009-10-21,10,16,25,40,42,44,4.0
2009-10-24,5,18,22,24,39,48,1.0
2009-10-28,16,39,42,43,45,48,5.0
2009-10-31,7,13,21,22,25,33,7.0
2009-11-04,2,4,6,8,14,28,5.0
2009-11-07,1,9,27,28,34,37,8.0
2009-11-11,10,11,19,32,42,46,5.0
2009-11-14,1,3,10,11,25,44,8.0
2009-11-18,6,8,16,23,25,44,2.0
2009-11-21,4,8,14,24,44,47,1.0
2009-11-25,10,12,18,24,43,44,3.0
2009-11-28,24,30,33,34,36,45,6.0
2009-12-02,12,17,24,30,31,32,9.0
2009-12-05,6,7,8,16,29,42,8.0
2009-12-09,1,5,13,22,26,29,1.0
2009-12-12,4,18,22,26,38,49,5.0
2009-12-16,2,8,11,18,19,38,4.0
2009-12-19,7,14,15,18,29,47,3.0
2009-12-23,2,5,28,36,44,48,8.0
2009-12-26,7,11,16,24,39,49,8.0
2009-12-30,10,16,22,25,37,40,5.0
2010-01-02,3,6,30,31,32,43,2.0
2010-01-06,2,14,17,20,24,48,1.0
2010-01-09,2,22,24,33,37,46,9.0
2010-01-13,2,13,34,38,40,43,8.0
2010-01-16,6,7,12,17,18,34,4.0
2010-01-20,9,11,15,28,46,47,9.0
2010-01-23,14,16,21,28,31,39,5.0
2010-01-27,5,7,10,39,43,46,5.0
2010-01-30,11,13,17,34,46,49,7.0
2010-02-03,4,8,10,16,37,43,6.0
2010-02-06,10,15,22,34,41,49,2.0
2010-02-10,6,9,12,29,44,49,7.0
2010-02-13,5,11,15,20,36,48,2.0
2010-02-17,17,22,31,35,38,44,5.0
2010-02-20,2,10,20,24,25,47,3.0
2010-02-24,3,6,12,22,25,41,2.0
2010-02-27,4,6,26,30,33,45,7.0
2010-03-03,3,9,17,37,45,47,1.0
2010-03-06,13,18,27,35,38,39,2.0
2010-03-10,16,18,27,45,46,49,7.0
2010-03-13,10,15,23,24,27,35,9.0
2010-03-17,19,20,23,25,30,34,0.0
2010-03-20,6,20,21,22,24,30,0.0
2010-03-24,9,15,19,25,40,47,7.0
2010-03-27,4,10,14,36,45,49,8.0
2010-03-31,14,25,41,46,47,49,3.0
2010-04-03,12,13,24,32,40,48,8.0
2010-04-07,14,18,24,26,32,35,2.0
2010-04-10,2,3,8,34,37,47,9.0
2010-04-14,5,13,18,35,37,42,1.0
2010-04-17,10,11,16,17,35,38,1.0
2010-04-21,5,13,23,33,40,41,7.0
2010-04-24,7,12,26,29,45,46,1.0
2010-04-28,3,19,26,30,39,40,1.0
2010-05-01,10,16,19,20,37,49,4.0
2010-05-05,11,12,17,19,36,44,7.0
2010-05-08,16,31,36,39,40,49,8.0
2010-05-12,1,20,24,26,27,40,4.0
2010-05-15,5,10,11,35,36,41,5.0
2010-05-19,19,25,30,34,37,42,1.0
2010-05-22,12,13,19,39,43,49,9.0
2010-05-26,6,11,16,39,41,49,9.0
2010-05-29,17,20,26,33,46,47,1.0
2010-06-02,9,18,20,23,32,34,0.0
2010-06-05,5,21,28,32,43,46,8.0
2010-06-09,14,25,29,33,37,42,3.0
2010-06-12,4,9,17,20,25,35,4.0
2010-06-16,7,27,28,29,34,40,0.0
2010-06-19,13,14,21,22,41,42,6.0
2010-06-23,1,18,23,25,44,48,5.0
2010-06-26,25,33,39,41,48,49,3.0
2010-06-30,2,7,13,14,33,36,6.0
2010-07-03,1,13,27,45,46,47,8.0
2010-07-07,6,17,28,32,35,42,6.0
2010-07-10,2,3,7,17,19,42,6.0
2010-07-14,10,11,20,23,28,42,6.0
2010-07-17,7,11,20,29,36,49,7.0
2010-07-21,17,20,22,28,31,43,1.0
2010-07-24,4,15,21,24,37,43,1.0
2010-07-28,16,20,33,34,40,46,1.0
2010-07-31,22,24,25,34,46,49,7.0
2010-08-04,13,28,30,31,33,46,4.0
2010-08-07,6,20,29,32,33,44,2.0
2010-08-11,3,6,7,13,17,33,2.0
2010-08-14,4,8,14,30,32,43,5.0
2010-08-18,2,9,14,16,37,47,8.0
2010-08-21,5,15,18,22,26,30,4.0
2010-08-25,9,28,36,43,44,49,7.0
2010-08-28,4,6,22,31,35,40,7.0
2010-09-01,4,11,16,19,29,36,9.0
2010-09-04,3,6,19,25,35,48,3.0
2010-09-08,5,11,12,13,32,40,9.0
2010-09-11,26,28,39,41,43,48,8.0
2010-09-15,1,29,31,32,41,43,4.0
2010-09-18,4,24,29,30,35,37,3.0
2010-09-22,2,4,5,9,12,17,7.0
2010-09-25,1,2,4,12,25,46,1.0
2010-09-29,4,9,16,23,32,41,7.0
2010-10-02,5,15,17,27,28,29,2.0
2010-10-06,2,3,11,19,30,43,3.0
2010-10-09,11,12,15,19,21,22,9.0
2010-10-13,3,16,21,32,33,40,5.0
2010-10-16,8,13,19,33,45,47,7.0
2010-10-20,1,7,15,19,22,33,0.0
2010-10-23,8,9,23,29,34,43,8.0
2010-10-27,12,13,18,25,28,44,3.0
2010-10-30,11,12,15,30,39,49,2.0
2010-11-03,1,5,9,39,45,47,0.0
2010-11-06,4,14,17,18,33,34,3.0
2010-11-10,8,11,12,21,22,49,0.0
2010-11-13,8,13,17,19,24,43,8.0
2010-11-17,1,16,18,24,28,47,8.0
2010-11-20,4,17,29,32,33,34,5.0
2010-11-24,5,8,26,33,35,46,1.0
2010-11-27,1,4,8,10,35,45,7.0
2010-12-01,15,20,25,32,39,41,2.0
2010-12-04,13,18,24,37,41,48,2.0
2010-12-08,2,7,14,16,18,26,5.0
2010-12-11,5,7,16,27,31,43,0.0
2010-12-15,3,9,14,28,43,45,0.0
2010-12-18,4,16,21,39,40,42,3.0
2010-12-22,6,18,26,35,36,45,4.0
2010-12-25,2,9,10,11,29,46,7.0
2010-12-29,14,15,20,37,42,48,2.0
2011-01-01,2,14,18,26,35,36,1.0
2011-01-05,24,29,36,42,46,49,7.0
2011-01-08,23,26,27,32,33,41,5.0
2011-01-12,2,8,12,22,23,28,2.0
2011-01-15,12,13,21,26,33,38,3.0
2011-01-19,5,6,8,29,34,35,1.0
2011-01-22,3,7,14,19,23,35,5.0
2011-01-26,6,22,23,28,34,37,4.0
2011-01-29,8,11,21,30,35,45,7.0
2011-02-02,6,15,17,22,34,46,4.0
2011-02-05,9,11,24,34,35,41,8.0
2011-02-09,13,14,23,39,41,46,3.0
2011-02-12,1,2,5,24,31,32,4.0
2011-02-16,3,8,11,25,30,46,0.0
2011-02-19,12,14,16,33,42,47,5.0
2011-02-23,6,16,22,27,39,40,1.0
2011-02-26,18,19,32,38,47,49,6.0
2011-03-02,4,9,36,38,42,48,0.0
2011-03-05,7,13,15,28,33,39,5.0
2011-03-09,6,13,14,27,41,48,9.0
2011-03-12,9,15,19,31,38,43,9.0
2011-03-16,5,18,20,35,41,48,4.0
2011-03-19,10,11,16,21,41,46,6.0
2011-03-23,5,11,16,34,40,42,4.0
2011-03-26,17,19,20,25,28,37,7.0
2011-03-30,13,18,23,31,32,37,7.0
2011-04-02,1,16,25,29,33,47,5.0
2011-04-06,9,14,19,27,31,39,0.0
2011-04-09,12,26,32,39,44,47,8.0
2011-04-13,6,9,16,23,26,47,5.0
2011-04-16,3,4,17,19,35,49,3.0
2011-04-20,13,20,36,39,40,44,9.0
2011-04-23,6,16,18,22,29,41,2.0
2011-04-27,16,21,32,33,42,46,7.0
2011-04-30,10,12,19,29,33,34,0.0
2011-05-04,6,14,22,30,36,40,1.0
2011-05-07,5,12,23,29,34,41,2.0
2011-05-11,8,26,28,29,31,35,5.0
2011-05-14,1,9,10,11,20,31,3.0
2011-05-18,3,13,27,30,33,41,1.0
2011-05-21,13,24,28,36,45,49,0.0
2011-05-25,1,8,26,27,35,38,6.0
2011-05-28,4,17,19,29,34,46,6.0
2011-06-01,10,11,13,20,22,41,9.0
2011-06-04,17,22,34,37,38,46,5.0
2011-06-08,4,15,24,31,38,49,5.0
2011-06-11,8,16,18,28,34,46,9.0
2011-06-15,6,21,22,23,32,44,3.0
2011-06-18,6,14,21,24,25,41,6.0
2011-06-22,1,4,24,29,34,37,4.0
2011-06-25,3,4,20,28,37,42,1.0
2011-06-29,8,10,22,30,36,45,7.0
2011-07-02,7,10,16,19,22,40,8.0
2011-07-06,6,11,14,27,32,38,2.0
2011-07-09,9,11,18,23,36,45,2.0
2011-07-13,1,25,26,30,39,47,1.0
2011-07-16,3,14,15,22,27,38,6.0
2011-07-20,7,11,19,23,42,49,3.0
2011-07-23,8,12,18,20,24,33,0.0
2011-07-27,11,12,16,26,32,35,8.0
2011-07-30,8,11,21,40,42,44,5.0
2011-08-03,4,8,33,40,41,43,6.0
2011-08-06,9,11,33,36,41,49,5.0
2011-08-10,8,12,16,22,23,26,5.0
2011-08-13,13,14,21,29,31,34,2.0
2011-08-17,1,11,16,18,20,25,6.0
2011-08-20,2,7,22,31,32,41,6.0
2011-08-24,19,28,31,33,36,41,6.0
2011-08-27,27,29,40,43,44,49,0.0
2011-08-31,15,17,26,29,32,47,7.0
2011-09-03,2,8,17,31,36,42,2.0
2011-09-07,4,10,23,27,28,39,1.0
2011-09-10,6,9,10,16,28,43,0.0
2011-09-14,4,5,23,32,39,44,7.0
2011-09-17,12,23,38,42,46,49,1.0
2011-09-21,10,24,27,31,41,46,5.0
2011-09-24,3,5,6,18,24,42,3.0
2011-09-28,10,14,18,27,38,43,5.0
2011-10-01,9,13,17,21,29,47,1.0
2011-10-05,1,2,15,33,43,45,8.0
2011-10-08,24,25,29,31,34,47,0.0
2011-10-12,8,10,28,40,43,46,7.0
2011-10-15,2,5,16,18,37,39,5.0
2011-10-19,8,10,15,25,31,34,4.0
2011-10-22,6,7,8,26,34,35,5.0
2011-10-26,15,30,33,34,37,38,5.0
2011-10-29,6,17,23,24,35,44,7.0
2011-11-02,3,6,23,40,41,43,4.0
2011-11-05,7,13,21,37,41,43,0.0
2011-11-09,6,14,20,27,28,48,7.0
2011-11-12,7,12,15,16,30,42,9.0
2011-11-16,8,14,26,33,47,49,4.0
2011-11-19,9,24,26,33,40,47,5.0
2011-11-23,1,10,23,30,38,39,4.0
2011-11-26,3,13,23,33,38,49,5.0
2011-11-30,4,12,18,31,42,44,1.0
2011-12-03,1,10,25,29,44,47,7.0
2011-12-07,11,16,20,27,32,38,7.0
2011-12-10,2,4,5,10,25,34,7.0
2011-12-14,8,14,29,32,36,37,9.0
2011-12-17,3,19,33,38,44,47,6.0
2011-12-21,15,17,21,24,39,43,1.0
2011-12-24,6,12,26,27,32,36,9.0
2011-12-28,6,13,18,19,20,21,5.0
2011-12-31,2,5,11,17,19,28,1.0
2012-01-04,3,18,24,29,36,46,1.0
2012-01-07,22,24,29,33,37,47,2.0
2012-01-11,8,11,15,34,36,47,5.0
2012-01-14,1,6,7,11,20,32,8.0
2012-01-18,6,7,13,18,32,33,0.0
2012-01-21,26,27,43,45,46,49,4.0
2012-01-25,1,4,6,24,33,47,7.0
2012-01-28,1,16,19,27,37,48,4.0
2012-02-01,3,6,7,18,37,39,1.0
2012-02-04,10,15,24,27,40,45,5.0
2012-02-08,8,13,24,34,45,47,5.0
2012-02-11,2,11,32,34,48,49,1.0
2012-02-15,15,29,35,36,40,41,2.0
2012-02-18,3,13,25,27,40,47,5.0
2012-02-22,4,12,14,19,24,48,7.0
2012-02-25,7,11,14,16,43,48,1.0
2012-02-29,6,11,25,32,35,43,5.0
2012-03-03,4,22,24,33,40,48,9.0
2012-03-07,25,29,33,38,47,49,5.0
2012-03-10,1,10,15,21,26,35,1.0
2012-03-14,3,8,9,13,22,49,9.0
2012-03-17,3,7,23,33,42,43,2.0
2012-03-21,4,14,26,34,38,49,6.0
2012-03-24,22,35,37,39,43,49,7.0
2012-03-28,2,17,22,23,39,42,6.0
2012-03-31,1,25,26,27,40,43,5.0
2012-04-04,19,23,29,37,42,46,8.0
2012-04-07,2,10,12,15,35,44,7.0
2012-04-11,2,4,6,7,16,44,9.0
2012-04-14,26,29,37,39,42,48,8.0
2012-04-18,6,8,21,33,34,35,5.0
2012-04-21,6,7,19,20,24,41,5.0
2012-04-25,3,23,26,40,42,46,7.0
2012-04-28,11,17,20,33,37,47,0.0
2012-05-02,4,14,15,17,20,35,4.0
2012-05-05,5,8,14,28,31,48,5.0
2012-05-09,15,16,17,20,40,45,8.0
2012-05-12,13,18,30,31,34,36,9.0
2012-05-16,16,24,41,44,45,46,5.0
2012-05-19,20,34,36,42,43,47,5.0
2012-05-23,1,23,26,31,36,42,7.0
2012-05-26,5,11,15,34,44,48,4.0
2012-05-30,2,10,21,23,44,45,9.0
2012-06-02,9,13,26,30,37,41,4.0
2012-06-06,1,9,17,27,38,42,8.0
2012-06-09,10,15,17,22,28,31,9.0
2012-06-13,1,29,32,33,40,46,6.0
2012-06-16,1,17,28,33,46,48,8.0
2012-06-20,3,6,17,22,24,28,0.0
2012-06-23,11,13,19,27,33,39,4.0
2012-06-27,2,5,15,31,37,43,1.0
2012-06-30,7,8,20,22,30,41,4.0
2012-07-04,3,6,12,25,33,49,6.0
2012-07-07,6,10,29,30,43,49,2.0
2012-07-11,11,16,21,29,32,43,1.0
2012-07-14,6,9,10,22,29,33,0.0
2012-07-18,20,21,23,29,34,47,9.0
2012-07-21,4,24,26,31,38,40,0.0
2012-07-25,2,8,13,25,44,45,7.0
2012-07-28,16,27,31,37,41,49,7.0
2012-08-01,19,26,32,41,43,44,0.0
2012-08-04,15,18,22,23,38,40,8.0
2012-08-08,12,13,22,41,43,49,4.0
2012-08-11,1,2,3,20,47,49,3.0
2012-08-15,1,12,14,15,34,37,4.0
2012-08-18,5,16,28,32,34,40,4.0
2012-08-22,1,7,11,15,31,49,6.0
2012-08-25,16,17,22,25,27,35,4.0
2012-08-29,22,29,35,38,40,45,3.0
2012-09-01,3,6,7,16,26,48,5.0
2012-09-05,4,7,18,24,37,44,4.0
2012-09-08,19,38,39,41,48,49,3.0
2012-09-12,8,19,26,36,39,49,7.0
2012-09-15,6,8,9,34,41,48,0.0
2012-09-19,1,11,16,20,31,44,4.0
2012-09-22,7,24,40,41,48,49,0.0
2012-09-26,10,12,14,29,40,47,7.0
2012-09-29,1,4,20,34,39,41,0.0
2012-10-03,13,28,35,46,48,49,4.0
2012-10-06,8,20,22,34,44,46,5.0
2012-10-10,13,15,28,38,43,48,3.0
2012-10-13,9,10,36,37,42,43,8.0
2012-10-17,5,10,12,14,46,47,6.0
2012-10-20,6,8,11,15,26,33,9.0
2012-10-24,6,14,18,33,39,44,5.0
2012-10-27,11,23,33,39,44,46,9.0
2012-10-31,3,8,13,30,34,49,5.0
2012-11-03,7,8,26,42,43,46,3.0
2012-11-07,2,6,21,31,46,47,1.0
2012-11-10,2,3,25,28,38,49,1.0
2012-11-14,2,9,11,17,34,45,0.0
2012-11-17,5,7,15,24,32,36,4.0
2012-11-21,1,9,10,24,27,29,2.0
2012-11-24,2,12,23,28,32,48,3.0
2012-11-28,11,21,26,40,42,45,4.0
2012-12-01,2,3,4,6,23,45,3.0
2012-12-05,20,23,24,27,36,38,7.0
2012-12-08,15,19,27,34,42,48,6.0
2012-12-12,1,8,10,11,15,33,5.0
2012-12-15,4,25,27,30,31,40,6.0
2012-12-19,25,27,32,36,40,43,5.0
2012-12-22,11,23,32,38,44,49,4.0
2012-12-26,3,10,13,34,36,43,2.0
2012-12-29,11,25,31,35,38,43,4.0
2013-01-02,3,18,21,36,41,44,0.0
2013-01-05,22,26,39,45,47,49,0.0
2013-01-09,6,7,22,26,36,43,9.0
2013-01-12,7,10,11,15,43,48,8.0
2013-01-16,3,8,11,14,18,26,3.0
2013-01-19,23,27,28,39,45,47,6.0
2013-01-23,3,4,8,12,22,28,3.0
2013-01-26,12,28,31,33,36,37,4.0
2013-01-30,2,4,5,26,27,36,2.0
2013-02-02,2,4,17,28,34,44,2.0
2013-02-06,7,14,16,24,31,32,4.0
2013-02-09,5,20,22,26,29,47,5.0
2013-02-13,4,6,11,14,15,38,5.0
2013-02-16,6,22,23,24,33,39,1.0
2013-02-20,5,6,20,27,36,45,7.0
2013-02-23,17,26,35,44,46,49,2.0
2013-02-27,5,6,16,25,28,33,9.0
2013-03-02,2,4,14,17,45,48,8.0
2013-03-06,2,6,10,14,15,29,9.0
2013-03-09,2,12,14,20,39,47,7.0
2013-03-13,3,26,29,32,38,46,7.0
2013-03-16,4,10,17,34,39,42,7.0
2013-03-20,5,10,17,24,35,37,7.0
2013-03-23,9,16,30,37,41,49,2.0
2013-03-27,1,2,3,13,21,38,9.0
2013-03-30,7,30,31,35,39,46,3.0
2013-04-03,16,21,23,29,31,38,4.0
2013-04-06,5,7,17,30,32,34,0.0
2013-04-10,26,27,31,32,43,45,5.0
2013-04-13,10,15,26,28,35,45,2.0
2013-04-17,9,24,35,37,38,45,7.0
2013-04-20,6,28,31,36,38,48,9.0
2013-04-24,7,14,19,39,48,49,0.0
2013-04-27,3,10,11,28,32,43,3.0
2013-05-01,9,12,15,16,22,28,9.0
2013-05-04,5,7,11,21,22,48,8.0
2013-05-08,4,6,11,22,30,42,7.0
2013-05-11,3,7,31,32,40,41,2.0
2013-05-15,2,4,16,29,38,45,2.0
2013-05-18,1,2,16,20,22,32,6.0
2013-05-22,6,8,23,24,35,36,8.0
2013-05-25,3,17,23,25,29,44,0.0
2013-05-29,2,5,7,14,40,41,5.0
2013-06-01,2,13,28,30,32,36,1.0
2013-06-05,19,21,30,39,47,49,1.0
2013-06-08,3,12,26,30,38,47,3.0
2013-06-12,5,6,7,10,15,23,6.0
2013-06-15,6,14,16,25,43,49,1.0
2013-06-19,3,18,19,29,42,49,5.0
2013-06-22,5,10,19,31,35,43,8.0
2013-06-26,2,22,31,32,39,43,2.0
2013-06-29,7,22,28,36,43,44,9.0
2013-07-03,7,9,13,14,17,36,2.0
2013-07-06,3,8,11,17,20,49,9.0
2013-07-10,11,16,19,29,41,43,9.0
2013-07-13,3,18,28,29,38,48,1.0
2013-07-17,11,17,20,26,28,38,3.0
2013-07-20,3,11,18,29,33,46,4.0
2013-07-24,2,8,15,28,31,36,6.0
2013-07-27,11,20,30,31,34,40,0.0
2013-07-31,3,6,26,38,39,47,7.0
2013-08-03,6,19,25,31,40,47,2.0
2013-08-07,11,14,16,24,36,42,4.0
2013-08-10,3,9,17,31,36,39,7.0
2013-08-14,3,8,9,34,35,39,3.0
2013-08-17,13,17,19,25,28,42,8.0
2013-08-21,5,15,21,27,29,48,1.0
2013-08-24,2,6,25,27,29,30,3.0
2013-08-28,2,3,22,29,35,37,9.0
2013-08-31,1,22,26,37,39,44,4.0
2013-09-04,1,17,19,31,34,38,9.0
2013-09-07,12,22,24,37,41,43,9.0
2013-09-11,12,16,28,40,42,48,3.0
2013-09-14,10,21,22,23,30,40,2.0
2013-09-18,4,11,20,21,30,46,3.0
2013-09-21,8,13,22,32,40,43,8.0
2013-09-25,7,14,26,30,33,43,3.0
2013-09-28,3,23,31,32,37,41,2.0
2013-10-02,17,27,42,43,46,47,3.0
2013-10-05,3,9,12,35,44,48,5.0
2013-10-09,9,11,22,29,46,48,3.0
2013-10-12,14,25,29,38,44,46,9.0
2013-10-16,9,32,38,40,44,49,8.0
2013-10-19,4,10,14,24,38,40,5.0
2013-10-23,7,16,21,23,26,33,7.0
2013-10-26,9,18,20,22,24,25,2.0
2013-10-30,10,12,13,30,36,45,1.0
2013-11-02,9,12,15,19,24,38,5.0
2013-11-06,12,13,22,30,35,36,2.0
2013-11-09,6,12,13,28,32,33,7.0
2013-11-13,5,12,15,16,35,46,1.0
2013-11-16,9,19,24,39,42,43,4.0
2013-11-20,9,16,19,24,36,42,5.0
2013-11-23,7,12,19,30,33,35,5.0
2013-11-27,11,28,31,36,38,42,7.0
2013-11-30,1,24,30,33,39,47,7.0
2013-12-04,13,20,22,41,42,49,6.0
2013-12-07,4,9,15,19,26,48,0.0
2013-12-11,7,18,22,38,39,49,6.0
2013-12-14,5,6,17,19,27,38,3.0
2013-12-18,2,12,18,34,35,44,9.0
2013-12-21,4,5,17,25,27,35,5.0
2013-12-25,4,26,27,40,44,46,8.0
2013-12-28,6,9,10,22,32,43,3.0
2014-01-01,6,8,23,24,25,46,6.0
2014-01-04,16,19,25,36,39,48,1.0
2014-01-08,20,28,31,36,44,45,9.0
2014-01-11,5,8,14,23,29,38,1.0
2014-01-15,6,22,39,41,43,49,4.0
2014-01-18,11,15,16,26,32,36,2.0
2014-01-22,2,18,23,26,42,46,8.0
2014-01-25,24,32,36,37,45,48,8.0
2014-01-29,3,12,15,26,34,36,5.0
2014-02-01,17,18,42,46,47,49,2.0
2014-02-05,7,9,16,17,26,32,1.0
2014-02-08,4,18,29,33,42,44,4.0
2014-02-12,10,15,16,18,35,37,5.0
2014-02-15,7,8,17,31,44,48,1.0
2014-02-19,4,18,21,29,36,43,3.0
2014-02-22,25,26,30,32,39,46,5.0
2014-02-26,8,9,11,19,31,48,7.0
2014-03-01,5,13,24,28,38,47,1.0
2014-03-05,5,13,16,33,34,44,3.0
2014-03-08,10,16,24,32,43,45,9.0
2014-03-12,4,7,12,27,31,38,4.0
2014-03-15,3,12,23,33,36,41,9.0
2014-03-19,1,7,10,23,25,40,3.0
2014-03-22,7,10,29,30,34,46,6.0
2014-03-26,3,22,30,36,38,43,4.0
2014-03-29,5,7,8,11,20,24,1.0
2014-04-02,4,6,20,28,42,48,0.0
2014-04-05,14,17,21,37,42,47,4.0
2014-04-09,6,12,32,39,43,46,9.0
2014-04-12,13,16,28,38,48,49,1.0
2014-04-16,18,24,28,30,35,49,8.0
2014-04-19,3,4,25,46,47,48,4.0
2014-04-23,12,13,22,23,40,44,3.0
2014-04-26,3,7,23,34,35,48,1.0
2014-04-30,6,10,30,35,38,48,6.0
2014-05-03,2,14,34,35,40,41,3.0
2014-05-07,1,19,23,25,28,30,9.0
2014-05-10,9,11,20,21,26,42,1.0
2014-05-14,2,7,22,30,32,39,8.0
2014-05-17,9,21,24,37,39,42,9.0
2014-05-21,2,5,6,16,21,31,4.0
2014-05-24,2,7,13,16,27,34,9.0
2014-05-28,10,13,16,29,40,44,0.0
2014-05-31,5,13,17,19,31,41,5.0
2014-06-04,20,21,24,27,28,43,0.0
2014-06-07,12,23,27,35,42,47,2.0
2014-06-11,3,6,11,21,43,44,1.0
2014-06-14,6,11,12,17,42,47,5.0
2014-06-18,6,20,28,33,38,43,5.0
2014-06-21,12,21,30,32,41,44,5.0
2014-06-25,1,6,7,13,28,34,4.0
2014-06-28,2,18,26,32,36,39,3.0
2014-07-02,6,10,15,18,41,44,8.0
2014-07-05,6,10,22,24,38,41,0.0
2014-07-09,3,4,18,25,26,45,3.0
2014-07-12,5,17,26,29,37,39,2.0
2014-07-16,3,17,26,29,31,41,5.0
2014-07-19,5,6,19,34,41,49,0.0
2014-07-23,9,15,20,25,33,38,5.0
2014-07-26,14,26,28,30,33,38,7.0
2014-07-30,9,10,11,12,13,37,3.0
2014-08-02,6,8,11,20,40,41,7.0
2014-08-06,5,6,7,21,31,45,1.0
2014-08-09,3,11,15,22,37,40,5.0
2014-08-13,3,24,30,36,41,46,6.0
2014-08-16,2,5,10,15,29,49,8.0
2014-08-20,1,3,22,28,31,35,4.0
2014-08-23,7,9,10,18,23,36,7.0
2014-08-27,14,15,16,25,29,47,5.0
2014-08-30,14,18,21,25,39,43,3.0
2014-09-03,18,19,23,39,40,47,2.0
2014-09-06,6,11,17,18,32,33,6.0
2014-09-10,8,23,24,32,38,45,3.0
2014-09-13,7,11,25,27,33,39,3.0
2014-09-17,16,32,38,43,44,49,9.0
2014-09-20,1,6,14,40,42,47,6.0
2014-09-24,4,31,34,35,36,46,3.0
2014-09-27,9,13,16,19,39,48,5.0
2014-10-01,1,3,21,23,39,42,4.0
2014-10-04,4,7,24,31,33,45,6.0
2014-10-08,6,19,21,32,34,37,8.0
2014-10-11,1,23,32,34,36,44,0.0
2014-10-15,12,14,16,26,27,31,9.0
2014-10-18,11,15,27,29,30,48,0.0
2014-10-22,1,12,25,35,42,49,1.0
2014-10-25,22,23,28,30,31,35,8.0
2014-10-29,4,9,21,26,39,43,4.0
2014-11-01,4,14,24,30,41,48,7.0
2014-11-05,6,8,17,31,33,49,9.0
2014-11-08,1,8,9,13,41,45,8.0
2014-11-12,14,24,28,32,37,47,2.0
2014-11-15,10,13,14,19,25,31,6.0
2014-11-19,4,5,18,26,34,48,0.0
2014-11-22,1,5,6,11,25,37,9.0
2014-11-26,8,11,24,32,33,44,6.0
2014-11-29,7,17,24,30,38,46,7.0
2014-12-03,4,10,14,23,32,35,3.0
2014-12-06,1,16,21,29,44,47,2.0
2014-12-10,9,11,22,29,30,41,6.0
2014-12-13,5,8,12,18,26,43,6.0
2014-12-17,16,17,22,28,44,46,6.0
2014-12-20,3,4,6,10,24,32,9.0
2014-12-24,14,25,33,38,43,45,5.0
2014-12-27,10,36,43,44,45,48,7.0
2014-12-31,15,20,22,27,39,49,7.0
2015-01-03,17,19,28,36,37,38,6.0
2015-01-07,10,17,41,42,43,46,3.0
2015-01-10,5,11,19,20,32,43,6.0
2015-01-14,1,19,33,38,39,46,5.0
2015-01-17,8,11,22,29,46,47,1.0
2015-01-21,11,12,15,29,41,48,9.0
2015-01-24,1,7,18,27,37,47,8.0
2015-01-28,6,8,22,38,43,47,6.0
2015-01-31,7,27,42,45,46,47,5.0
2015-02-04,21,22,29,37,40,49,2.0
2015-02-07,12,13,14,23,25,47,9.0
2015-02-11,6,25,26,27,28,47,5.0
2015-02-14,21,23,29,36,41,42,3.0
2015-02-18,24,27,31,42,44,46,6.0
2015-02-21,3,18,31,35,41,42,1.0
2015-02-25,20,25,27,30,38,43,0.0
2015-02-28,2,20,25,41,45,49,0.0
2015-03-04,3,16,22,36,46,48,7.0
2015-03-07,1,6,7,16,19,41,5.0
2015-03-11,4,8,10,28,32,42,6.0
2015-03-14,15,21,23,39,43,48,1.0
2015-03-18,6,12,23,25,40,46,9.0
2015-03-21,3,4,5,19,30,41,1.0
2015-03-25,13,16,19,27,39,48,1.0
2015-03-28,6,7,26,27,30,46,4.0
2015-04-01,7,16,22,29,32,38,8.0
2015-04-04,12,20,23,28,34,43,8.0
2015-04-08,14,20,37,41,44,47,9.0
2015-04-11,2,11,15,36,46,47,6.0
2015-04-15,14,29,33,37,39,46,7.0
2015-04-18,3,5,14,17,39,44,7.0
2015-04-22,4,11,21,22,34,35,7.0
2015-04-25,1,3,7,11,23,36,6.0
2015-04-29,7,9,20,38,41,43,6.0
2015-05-02,3,6,7,9,18,45,9.0
2015-05-06,2,6,26,38,40,43,7.0
2015-05-09,7,13,14,29,35,41,3.0
2015-05-13,3,7,20,27,39,49,1.0
2015-05-16,14,15,16,34,40,47,5.0
2015-05-20,2,11,26,30,33,38,7.0
2015-05-23,4,6,14,27,28,46,0.0
2015-05-27,4,8,11,12,14,29,2.0
2015-05-30,2,3,11,24,31,44,0.0
2015-06-03,8,20,23,24,37,48,6.0
2015-06-06,15,16,22,29,41,48,0.0
2015-06-10,2,12,22,34,40,45,0.0
2015-06-13,1,4,5,18,26,43,0.0
2015-06-17,8,12,15,37,41,48,2.0
2015-06-20,6,16,21,32,35,38,4.0
2015-06-24,16,20,31,33,42,45,3.0
2015-06-27,3,19,28,29,33,41,7.0
2015-07-01,10,11,35,37,41,42,2.0
2015-07-04,14,17,18,32,42,47,1.0
2015-07-08,5,12,13,33,38,39,4.0
2015-07-11,11,19,20,30,35,42,9.0
2015-07-15,9,18,34,43,45,48,2.0
2015-07-18,5,17,18,30,31,42,6.0
2015-07-22,18,19,20,22,33,43,7.0
2015-07-25,4,17,30,41,46,47,6.0
2015-07-29,18,25,30,37,39,44,5.0
2015-08-01,4,7,16,20,31,36,4.0
2015-08-05,7,10,15,35,38,39,1.0
2015-08-08,7,13,29,36,42,48,0.0
2015-08-12,6,10,15,24,28,45,9.0
2015-08-15,3,9,14,26,30,42,3.0
2015-08-19,16,22,24,28,38,48,2.0
2015-08-22,2,3,26,44,45,46,7.0
2015-08-26,3,16,26,30,36,42,2.0
2015-08-29,8,12,16,23,28,44,8.0
2015-09-02,2,3,16,18,20,35,1.0
2015-09-05,1,12,13,22,43,47,1.0
2015-09-09,2,19,26,28,44,46,2.0
2015-09-12,2,6,15,22,26,28,5.0
2015-09-16,1,4,5,24,30,42,2.0
2015-09-19,8,12,17,29,37,44,3.0
2015-09-23,10,14,18,24,33,44,9.0
2015-09-26,6,15,16,31,33,34,7.0
2015-09-30,1,2,16,22,39,49,8.0
2015-10-03,18,31,32,33,40,41,8.0
2015-10-07,7,11,12,25,28,33,4.0
2015-10-10,5,26,37,38,40,49,1.0
2015-10-14,15,17,22,28,29,41,5.0
2015-10-17,9,10,19,23,28,41,0.0
2015-10-21,4,17,18,24,39,49,2.0
2015-10-24,4,6,18,22,29,36,2.0
2015-10-28,1,18,29,33,47,49,0.0
2015-10-31,7,9,17,26,29,40,9.0
2015-11-04,5,12,24,33,40,45,6.0
2015-11-07,4,11,17,25,39,48,4.0
2015-11-11,14,15,20,25,28,41,3.0
2015-11-14,1,8,24,29,31,48,3.0
2015-11-18,9,19,21,33,48,49,9.0
2015-11-21,12,17,23,29,42,46,8.0
2015-11-25,14,19,36,41,43,46,9.0
2015-11-28,3,6,10,24,37,47,1.0
2015-12-02,3,10,12,26,31,44,8.0
2015-12-05,6,12,29,35,42,47,7.0
2015-12-09,3,30,32,37,44,48,4.0
2015-12-12,1,3,6,24,31,43,6.0
2015-12-16,9,13,21,24,27,36,3.0
2015-12-19,1,7,10,22,33,46,1.0
2015-12-23,13,18,21,32,34,47,8.0
2015-12-26,9,15,19,22,40,41,5.0
2015-12-30,8,14,17,26,27,45,4.0
2016-01-02,1,23,30,35,43,47,8.0
2016-01-06,3,12,27,36,42,45,0.0
2016-01-09,10,13,31,34,46,48,6.0
2016-01-13,14,18,19,25,35,46,0.0
2016-01-16,9,21,23,31,34,39,8.0
2016-01-20,7,12,14,15,19,46,3.0
2016-01-23,2,16,25,26,27,40,0.0
2016-01-27,12,14,16,19,29,47,3.0
2016-01-30,18,23,33,34,40,48,9.0
2016-02-03,10,18,19,31,33,47,8.0
2016-02-06,10,16,25,28,34,49,5.0
2016-02-10,2,17,19,32,34,38,4.0
2016-02-13,18,20,30,32,43,45,8.0
2016-02-17,24,26,32,35,38,39,3.0
2016-02-20,1,13,16,29,30,31,6.0
2016-02-24,5,13,23,31,47,48,5.0
2016-02-27,7,10,15,25,37,49,7.0
2016-03-02,1,8,10,16,17,40,9.0
2016-03-05,7,10,33,37,43,46,3.0
2016-03-09,10,13,32,37,46,48,7.0
2016-03-12,20,26,30,39,47,49,4.0
2016-03-16,9,11,26,29,35,46,6.0
2016-03-19,4,10,15,37,44,49,5.0
2016-03-23,9,10,16,22,31,44,0.0
2016-03-26,1,3,31,33,40,41,5.0
2016-03-30,1,5,9,13,26,41,1.0
2016-04-02,1,10,17,23,28,38,6.0
2016-04-06,6,19,25,30,33,42,4.0
2016-04-09,1,4,38,39,46,47,2.0
2016-04-13,2,13,17,35,36,49,7.0
2016-04-16,5,14,15,20,22,38,9.0
2016-04-20,1,5,11,13,20,49,8.0
2016-04-23,8,15,16,17,27,35,4.0
2016-04-27,1,6,9,21,26,37,6.0
2016-04-30,14,26,28,30,36,43,6.0
2016-05-04,2,11,14,35,39,49,5.0
2016-05-07,16,32,34,37,42,44,9.0
2016-05-11,10,19,20,31,39,41,5.0
2016-05-14,5,13,15,26,30,44,9.0
2016-05-18,10,13,19,26,31,41,4.0
2016-05-21,2,5,29,46,47,48,4.0
2016-05-25,6,9,10,21,30,36,6.0
2016-05-28,5,9,17,24,39,45,3.0
2016-06-01,19,25,30,35,40,46,2.0
2016-06-04,5,6,22,31,35,42,3.0
2016-06-08,2,5,30,33,44,48,6.0
2016-06-11,6,13,21,27,38,45,5.0
2016-06-15,7,12,13,33,48,49,7.0
2016-06-18,2,8,12,17,19,27,1.0
2016-06-22,8,19,35,40,41,43,8.0
2016-06-25,2,6,10,11,34,44,3.0
2016-06-29,4,5,28,32,44,49,4.0
2016-07-02,4,6,8,15,26,30,9.0
2016-07-06,4,16,18,37,38,42,0.0
2016-07-09,1,34,37,40,44,49,7.0
2016-07-13,10,14,20,27,33,41,7.0
2016-07-16,1,18,22,30,34,44,5.0
2016-07-20,1,18,20,28,40,49,5.0
2016-07-23,5,25,29,43,47,48,5.0
2016-07-27,5,6,7,17,18,39,1.0
2016-07-30,6,13,23,26,30,33,2.0
2016-08-03,15,21,26,34,42,43,6.0
2016-08-06,6,25,26,33,45,47,0.0
2016-08-10,11,12,17,23,43,49,9.0
2016-08-13,6,14,28,30,37,39,2.0
2016-08-17,2,10,30,34,41,49,1.0
2016-08-20,23,28,30,31,37,45,5.0
2016-08-24,6,14,16,35,42,48,2.0
2016-08-27,1,8,22,32,33,43,9.0
2016-08-31,3,7,31,37,40,41,3.0
2016-09-03,8,14,18,25,30,36,1.0
2016-09-07,7,11,18,19,21,27,0.0
2016-09-10,1,3,6,11,24,43,0.0
2016-09-14,2,3,15,20,31,35,8.0
2016-09-17,3,34,35,37,46,47,2.0
2016-09-21,1,8,11,18,24,29,5.0
2016-09-24,4,15,18,21,32,45,4.0
2016-09-28,11,15,38,41,44,46,2.0
2016-10-01,7,20,25,26,34,37,1.0
2016-10-05,1,5,6,17,28,41,1.0
2016-10-08,14,21,32,33,35,48,5.0
2016-10-12,22,29,35,37,39,47,2.0
2016-10-15,7,13,19,29,38,41,9.0
2016-10-19,16,32,33,40,42,43,5.0
2016-10-22,2,21,26,32,36,48,7.0
2016-10-26,11,15,18,43,44,45,6.0
2016-10-29,5,7,8,26,28,36,8.0
2016-11-02,1,12,19,26,30,48,6.0
2016-11-05,9,32,35,38,42,43,8.0
2016-11-09,6,13,20,33,39,41,5.0
2016-11-12,2,6,9,19,20,47,1.0
2016-11-16,13,19,20,38,39,44,8.0
2016-11-19,1,2,6,15,38,39,3.0
2016-11-23,4,27,28,31,38,44,7.0
2016-11-26,26,32,41,42,45,47,9.0
2016-11-30,1,10,12,19,21,47,6.0
2016-12-03,5,16,39,43,47,48,9.0
2016-12-07,13,18,36,40,42,48,8.0
2016-12-10,11,17,32,34,37,49,3.0
2016-12-14,33,34,38,42,43,44,4.0
2016-12-17,6,24,28,29,34,35,2.0
2016-12-21,3,21,23,38,39,42,7.0
2016-12-24,4,11,18,22,30,45,1.0
2016-12-28,1,3,4,22,29,30,3.0
2016-12-31,27,29,37,42,45,47,3.0
2017-01-04,5,13,21,37,39,48,2.0
2017-01-07,12,14,17,22,45,46,7.0
2017-01-11,20,27,29,32,34,38,1.0
2017-01-14,3,4,23,27,28,37,3.0
2017-01-18,10,11,13,28,39,40,1.0
2017-01-21,5,9,11,14,26,39,9.0
2017-01-25,1,2,14,17,25,49,5.0
2017-01-28,6,9,15,38,41,42,7.0
2017-02-01,3,13,19,21,25,42,9.0
2017-02-04,2,16,28,37,39,49,8.0
2017-02-08,14,22,28,30,41,46,6.0
2017-02-11,3,12,22,32,45,46,6.0
2017-02-15,7,13,18,33,36,39,4.0
2017-02-18,17,20,24,25,27,41,9.0
2017-02-22,1,5,7,25,42,46,3.0
2017-02-25,1,3,4,9,28,32,4.0
2017-03-01,12,22,29,30,31,38,4.0
2017-03-04,1,19,22,23,41,45,2.0
2017-03-08,3,7,16,26,28,35,6.0
2017-03-11,4,12,17,26,46,49,8.0
2017-03-15,7,15,16,25,26,40,1.0
2017-03-18,4,12,23,27,31,40,0.0
2017-03-22,4,15,18,21,22,38,6.0
2017-03-25,1,9,11,25,26,49,6.0
2017-03-29,9,21,24,25,28,47,2.0
2017-04-01,5,8,9,18,22,36,8.0
2017-04-05,1,6,7,22,41,49,2.0
2017-04-08,2,7,28,39,40,47,1.0
2017-04-12,10,11,14,24,26,48,5.0
2017-04-15,12,18,21,27,30,36,7.0
2017-04-19,19,23,27,30,41,48,0.0
2017-04-22,1,11,12,19,25,32,7.0
2017-04-26,25,31,34,37,39,42,3.0
2017-04-29,3,4,18,36,37,49,5.0
2017-05-03,4,5,12,18,20,33,8.0
2017-05-06,16,26,30,31,32,47,4.0
2017-05-10,9,18,26,38,39,42,8.0
2017-05-13,7,19,32,45,47,48,1.0
2017-05-17,1,2,23,26,36,43,3.0
2017-05-20,1,15,29,34,37,44,7.0
2017-05-24,6,13,19,25,26,44,3.0
2017-05-27,23,24,25,27,29,49,1.0
2017-05-31,9,17,24,27,36,48,7.0
2017-06-03,24,31,32,35,37,46,3.0
2017-06-07,6,17,18,28,33,37,4.0
2017-06-10,4,6,16,26,29,42,7.0
2017-06-14,29,30,32,33,36,44,1.0
2017-06-17,2,6,16,22,44,49,1.0
2017-06-21,4,6,7,39,41,44,4.0
2017-06-24,13,23,27,38,43,46,6.0
2017-06-28,13,17,29,38,41,42,4.0
2017-07-01,2,3,15,22,35,47,8.0
2017-07-05,7,33,34,39,40,47,0.0
2017-07-08,2,3,17,23,27,40,2.0
2017-07-12,18,22,30,36,44,49,7.0
2017-07-15,8,25,31,32,33,38,1.0
2017-07-19,17,19,21,27,36,41,1.0
2017-07-22,5,27,37,41,45,47,7.0
2017-07-26,12,15,18,26,27,33,0.0
2017-07-29,14,20,29,30,35,37,3.0
2017-08-02,21,22,23,34,36,49,5.0
2017-08-05,14,18,19,23,37,49,5.0
2017-08-09,1,10,18,39,41,49,7.0
2017-08-12,5,15,25,27,47,49,6.0
2017-08-16,6,9,29,36,38,49,3.0
2017-08-19,2,10,29,35,45,48,2.0
2017-08-23,16,23,25,28,32,49,6.0
2017-08-26,2,11,19,24,28,49,9.0
2017-08-30,5,7,9,21,29,34,3.0
2017-09-02,3,5,8,14,33,34,6.0
2017-09-06,12,16,19,28,33,48,3.0
2017-09-09,8,14,18,27,40,49,3.0
2017-09-13,11,16,17,18,30,40,6.0
2017-09-16,21,26,27,31,35,47,9.0
2017-09-20,3,9,28,30,36,46,3.0
2017-09-23,10,15,19,23,38,44,6.0
2017-09-27,17,20,25,31,33,37,6.0
2017-09-30,4,18,19,23,33,46,1.0
2017-10-04,11,15,16,17,19,45,4.0
2017-10-07,11,20,21,24,30,49,6.0
2017-10-11,3,6,17,20,21,42,7.0
2017-10-14,7,9,10,13,35,40,7.0
2017-10-18,4,7,10,11,13,38,4.0
2017-10-21,4,10,15,25,34,46,1.0
2017-10-25,1,18,29,32,36,42,8.0
2017-10-28,1,20,22,24,33,36,1.0
2017-11-01,3,8,15,18,21,31,9.0
2017-11-04,3,7,14,21,46,47,6.0
2017-11-08,7,14,24,37,38,43,7.0
2017-11-11,1,7,11,16,19,37,7.0
2017-11-15,6,23,35,40,45,46,5.0
2017-11-18,2,5,9,12,20,35,7.0
2017-11-22,24,28,29,32,34,48,9.0
2017-11-25,11,17,20,26,37,43,9.0
2017-11-29,9,16,25,28,30,32,8.0
2017-12-02,3,12,13,17,18,33,2.0
2017-12-06,11,18,19,29,35,43,9.0
2017-12-09,7,12,16,20,25,46,7.0
2017-12-13,2,3,9,14,17,27,0.0
2017-12-16,5,6,18,23,30,40,9.0
2017-12-20,8,13,35,38,39,44,4.0
2017-12-23,4,11,31,32,38,39,6.0
2017-12-27,17,19,31,37,45,46,0.0
2017-12-30,11,12,14,27,37,48,0.0
2018-01-03,10,15,31,34,35,45,8.0
2018-01-06,5,14,32,37,46,47,0.0
2018-01-10,3,22,24,25,43,45,6.0
2018-01-13,5,6,14,16,31,48,0.0
2018-01-17,3,13,25,27,32,48,2.0
2018-01-20,3,11,15,18,33,45,4.0
2018-01-24,3,5,18,31,37,45,7.0
2018-01-27,4,22,24,34,36,43,6.0
2018-01-31,3,6,8,26,29,38,8.0
2018-02-03,5,9,13,20,39,48,5.0
2018-02-07,15,20,25,28,33,41,5.0
2018-02-10,17,20,27,35,41,45,8.0
2018-02-14,6,16,20,22,23,24,6.0
2018-02-17,15,18,26,27,37,42,2.0
2018-02-21,3,6,8,29,40,47,7.0
2018-02-24,18,27,33,41,44,47,6.0
2018-02-28,6,15,32,36,43,47,6.0
2018-03-03,5,24,28,37,40,44,8.0
2018-03-07,5,24,28,30,35,42,1.0
2018-03-10,8,19,34,35,40,49,8.0
2018-03-14,13,18,30,38,45,48,7.0
2018-03-17,1,7,17,22,29,46,7.0
2018-03-21,20,26,29,38,43,48,0.0
2018-03-24,3,16,27,34,42,45,1.0
2018-03-28,1,23,25,31,38,47,7.0
2018-03-31,1,8,12,15,46,48,5.0
2018-04-04,13,23,28,30,33,46,7.0
2018-04-07,12,15,19,27,34,47,8.0
2018-04-11,9,20,25,27,44,48,5.0
2018-04-14,4,9,33,34,42,47,6.0
2018-04-18,2,4,7,10,35,37,8.0
2018-04-21,12,15,19,23,29,38,5.0
2018-04-25,4,6,10,11,17,25,6.0
2018-04-28,2,9,11,33,47,48,4.0
2018-05-02,3,5,12,19,42,44,7.0
2018-05-05,1,5,17,31,34,49,7.0
2018-05-09,3,9,25,31,37,43,5.0
2018-05-12,23,27,29,36,38,42,0.0
2018-05-16,2,12,13,19,34,46,9.0
2018-05-19,3,4,27,41,44,49,2.0
2018-05-23,7,16,29,36,45,47,6.0
2018-05-26,10,16,24,27,47,48,6.0
2018-05-30,15,23,29,35,38,48,2.0
2018-06-02,1,10,19,24,30,31,7.0
2018-06-06,3,8,13,15,18,42,6.0
2018-06-09,13,16,34,35,39,42,9.0
2018-06-13,3,4,6,10,46,48,3.0
2018-06-16,4,19,31,33,40,46,2.0
2018-06-20,6,22,31,33,36,43,5.0
2018-06-23,6,17,25,29,48,49,1.0
2018-06-27,13,17,35,37,45,46,3.0
2018-06-30,16,24,37,38,40,42,9.0
2018-07-04,1,5,10,25,32,37,8.0
2018-07-07,2,5,13,18,25,36,2.0
2018-07-11,1,3,18,28,42,44,5.0
2018-07-14,30,40,41,47,48,49,0.0
2018-07-18,5,14,19,22,33,41,1.0
2018-07-21,1,6,7,20,29,49,5.0
2018-07-25,8,9,39,40,41,43,9.0
2018-07-28,7,11,31,34,35,36,1.0
2018-08-01,2,22,25,32,45,46,2.0
2018-08-04,6,25,29,30,31,36,3.0
2018-08-08,8,11,18,26,40,49,0.0
2018-08-11,5,8,10,36,46,47,8.0
2018-08-15,6,13,18,24,29,31,9.0
2018-08-18,1,3,14,34,42,46,3.0
2018-08-22,6,7,15,16,26,32,0.0
2018-08-25,8,15,16,20,31,37,2.0
2018-08-29,3,17,21,22,24,39,9.0
2018-09-01,4,12,21,38,39,46,1.0
2018-09-05,3,9,13,15,37,46,4.0
2018-09-08,6,23,27,29,30,44,2.0
2018-09-12,7,13,24,28,31,32,6.0
2018-09-15,1,12,14,26,27,39,1.0
2018-09-19,3,5,8,19,30,47,0.0
2018-09-22,17,33,37,41,42,47,0.0
2018-09-26,10,18,25,36,38,44,3.0
2018-09-29,4,5,9,16,19,45,7.0
2018-10-03,3,9,29,30,33,39,9.0
2018-10-06,2,21,26,27,33,45,3.0
2018-10-10,1,14,18,32,37,45,0.0
2018-10-13,3,7,9,11,27,36,7.0
2018-10-17,7,9,20,24,35,36,2.0
2018-10-20,2,13,16,32,45,47,7.0
2018-10-24,5,13,24,32,37,41,7.0
2018-10-27,8,30,35,38,40,47,2.0
2018-10-31,4,6,13,16,22,40,5.0
2018-11-03,6,18,20,28,42,49,1.0
2018-11-07,4,15,31,37,41,42,4.0
2018-11-10,3,13,14,29,40,41,7.0
2018-11-14,4,9,22,27,31,41,9.0
2018-11-17,3,6,18,31,39,40,5.0
2018-11-21,18,24,29,30,42,47,7.0
2018-11-24,14,15,20,37,40,45,1.0
2018-11-28,23,26,28,31,48,49,0.0
2018-12-01,6,8,23,27,31,46,2.0
2018-12-05,13,29,36,47,48,49,5.0
2018-12-08,6,12,25,26,44,46,3.0
2018-12-12,3,7,20,33,34,48,6.0
2018-12-15,1,23,30,31,37,45,9.0
2018-12-19,4,12,19,32,34,41,4.0
2018-12-22,8,20,21,25,43,44,5.0
2018-12-26,2,16,22,30,36,43,4.0
2018-12-29,4,14,25,38,44,47,4.0
2019-01-02,5,13,15,17,19,36,4.0
2019-01-05,4,16,22,31,40,45,8.0
2019-01-09,7,8,14,22,29,44,7.0
2019-01-12,4,9,25,31,38,40,6.0
2019-01-16,5,6,12,13,31,35,4.0
2019-01-19,6,12,24,29,36,47,9.0
2019-01-23,6,7,33,35,37,42,3.0
2019-01-26,16,18,29,31,35,47,6.0
2019-01-30,7,13,19,22,23,36,6.0
2019-02-02,3,21,29,30,34,37,3.0
2019-02-06,5,10,21,22,33,36,5.0
2019-02-09,2,32,34,39,42,49,2.0
2019-02-13,5,11,23,31,42,43,9.0
2019-02-16,6,9,10,11,18,22,7.0
2019-02-20,5,11,12,19,21,48,2.0
2019-02-23,8,15,21,27,29,47,1.0
2019-02-27,11,13,19,20,24,49,2.0
2019-03-02,38,41,42,46,48,49,6.0
2019-03-06,1,9,35,37,43,46,5.0
2019-03-09,8,12,20,22,32,38,6.0
2019-03-13,15,19,20,33,34,36,5.0
2019-03-16,10,14,20,22,39,46,1.0
2019-03-20,4,9,19,40,44,47,3.0
2019-03-23,3,23,26,29,42,44,8.0
2019-03-27,10,15,31,36,40,48,1.0
2019-03-30,3,26,28,29,46,49,4.0
2019-04-03,2,5,7,9,13,22,6.0
2019-04-06,12,21,23,32,41,42,3.0
2019-04-10,1,4,21,22,37,39,4.0
2019-04-13,4,19,27,29,36,41,1.0
2019-04-17,11,18,27,38,42,45,6.0
2019-04-20,6,8,19,25,29,41,8.0
2019-04-24,1,9,11,44,47,49,1.0
2019-04-27,2,13,14,19,47,48,5.0
2019-05-01,4,16,27,31,38,47,6.0
2019-05-04,1,19,24,29,35,42,8.0
2019-05-08,5,10,15,16,38,41,7.0
2019-05-11,10,15,25,31,42,47,0.0
2019-05-15,13,18,21,35,36,45,9.0
2019-05-18,11,26,32,39,43,47,4.0
2019-05-22,6,16,40,41,46,49,6.0
2019-05-25,1,6,12,15,21,36,9.0
2019-05-29,2,8,29,32,40,44,2.0
2019-06-01,3,15,22,25,29,30,7.0
2019-06-05,2,3,6,11,42,49,7.0
2019-06-08,1,13,17,21,44,45,4.0
2019-06-12,2,21,24,41,42,47,1.0
2019-06-15,4,6,27,33,40,43,3.0
2019-06-19,4,11,20,23,38,41,3.0
2019-06-22,10,11,12,21,30,49,3.0
2019-06-26,13,19,21,34,42,48,8.0
2019-06-29,1,8,31,34,43,45,1.0
2019-07-03,2,37,39,42,45,48,7.0
2019-07-06,19,22,27,40,45,46,9.0
2019-07-10,3,14,25,30,37,39,9.0
2019-07-13,3,10,26,29,30,42,3.0
2019-07-17,8,19,29,40,47,48,5.0
2019-07-20,5,9,24,29,35,36,2.0
2019-07-24,1,23,27,39,40,45,9.0
2019-07-27,5,16,17,21,23,35,6.0
2019-07-31,1,13,17,22,23,35,7.0
2019-08-03,2,3,34,40,42,44,7.0
2019-08-07,15,21,27,30,46,47,2.0
2019-08-10,1,8,10,16,18,35,2.0
2019-08-14,3,15,18,30,39,41,1.0
2019-08-17,2,6,9,28,33,45,0.0
2019-08-21,12,30,39,44,45,46,9.0
2019-08-24,5,9,29,38,42,44,1.0
2019-08-28,10,14,17,22,31,34,3.0
2019-08-31,2,3,5,17,25,36,4.0
2019-09-04,27,28,29,34,36,42,4.0
2019-09-07,9,11,28,29,35,36,3.0
2019-09-11,3,8,17,28,38,42,1.0
2019-09-14,16,24,26,31,34,43,7.0
2019-09-18,18,24,34,44,46,48,8.0
2019-09-21,12,14,16,23,37,47,6.0
2019-09-25,5,7,15,23,33,37,8.0
2019-09-28,13,24,27,30,43,44,7.0
2019-10-02,3,26,29,31,33,48,0.0
2019-10-05,8,17,27,36,47,49,5.0
2019-10-09,2,12,22,32,40,45,8.0
2019-10-12,4,23,36,42,44,45,7.0
2019-10-16,5,9,12,17,31,38,8.0
2019-10-19,4,7,11,33,38,39,9.0
2019-10-23,1,7,16,19,26,31,5.0
2019-10-26,1,2,11,17,37,44,6.0
2019-10-30,11,22,23,28,44,48,9.0
2019-11-02,6,15,17,21,25,41,3.0
2019-11-06,7,11,32,39,45,46,4.0
2019-11-09,9,28,31,33,40,44,7.0
2019-11-13,17,18,20,29,38,44,0.0
2019-11-16,1,4,16,25,28,47,1.0
2019-11-20,2,7,10,18,31,42,0.0
2019-11-23,5,11,24,26,28,36,5.0
2019-11-27,1,12,20,33,40,41,9.0
2019-11-30,5,33,38,42,43,47,5.0
2019-12-04,12,13,35,45,46,48,2.0
2019-12-07,2,11,13,19,20,43,4.0
2019-12-11,14,25,27,32,36,45,5.0
2019-12-14,4,16,20,31,34,38,8.0
2019-12-18,6,19,20,25,42,48,4.0
2019-12-21,4,13,14,20,27,35,5.0
2019-12-25,17,22,33,36,41,47,2.0
2019-12-28,7,12,18,19,23,24,2.0
2020-01-01,7,13,17,37,42,44,8.0
2020-01-04,1,7,13,18,27,30,1.0
2020-01-08,2,3,11,25,27,35,2.0
2020-01-11,10,19,28,37,42,48,9.0
2020-01-15,2,8,24,31,43,46,4.0
2020-01-18,12,14,22,32,41,43,3.0
2020-01-22,3,16,23,33,41,47,4.0
2020-01-25,9,12,28,30,34,43,3.0
2020-01-29,17,22,24,39,48,49,0.0
2020-02-01,7,8,12,32,42,47,6.0
2020-02-05,13,16,31,37,39,49,7.0
2020-02-08,1,10,30,36,38,42,3.0
2020-02-12,2,10,24,31,41,49,3.0
2020-02-15,2,5,11,20,22,40,5.0
2020-02-19,3,7,11,22,27,42,7.0
2020-02-22,6,11,21,24,31,32,0.0
2020-02-26,2,5,18,33,45,47,7.0
2020-02-29,3,8,9,10,29,42,0.0
2020-03-04,14,19,22,29,46,47,5.0
2020-03-07,9,11,16,26,36,44,0.0
2020-03-11,7,23,24,41,47,49,5.0
2020-03-14,2,11,19,30,38,49,2.0
2020-03-18,13,19,22,28,31,34,5.0
2020-03-21,1,4,22,26,34,36,4.0
2020-03-25,6,11,18,21,35,49,9.0
2020-03-28,2,4,28,36,39,46,7.0
2020-04-01,4,15,22,39,46,48,6.0
2020-04-04,9,12,17,24,41,43,1.0
2020-04-08,5,18,22,25,31,44,4.0
2020-04-11,13,18,26,29,42,47,4.0
2020-04-15,11,22,24,27,30,46,0.0
2020-04-18,11,15,28,35,39,42,3.0
2020-04-22,9,13,29,34,39,49,7.0
2020-04-25,4,11,17,19,25,30,4.0
2020-04-29,1,5,7,32,36,41,9.0
2020-05-02,4,10,11,16,27,49,2.0
2020-05-06,5,19,31,34,43,47,5.0
2020-05-09,2,9,17,22,23,36,7.0
2020-05-13,12,17,20,21,43,46,4.0
2020-05-16,3,6,8,11,47,48,4.0
2020-05-20,9,31,33,42,45,49,1.0
2020-05-23,1,4,11,17,27,35,8.0
2020-05-27,4,25,36,39,43,47,3.0
2020-05-30,5,18,33,35,42,43,0.0
2020-06-03,20,25,31,33,38,43,0.0
2020-06-06,16,18,21,25,40,49,1.0
2020-06-10,2,11,17,20,36,42,1.0
2020-06-13,14,20,36,38,41,43,5.0
2020-06-17,6,13,29,35,38,48,3.0
2020-06-20,1,2,7,11,14,40,3.0
2020-06-24,5,11,18,34,38,41,3.0
2020-06-27,14,21,24,27,42,49,4.0
2020-07-01,2,32,36,38,39,44,1.0
2020-07-04,6,17,19,33,36,49,0.0
2020-07-08,9,15,23,28,41,44,7.0
2020-07-11,8,16,29,32,38,46,7.0
2020-07-15,13,14,20,25,35,47,6.0
2020-07-18,8,11,25,28,34,49,7.0
2020-07-22,6,11,17,24,25,44,1.0
2020-07-25,2,4,10,18,27,37,0.0
2020-07-29,3,15,20,34,35,43,7.0
2020-08-01,1,20,24,33,38,39,0.0
2020-08-05,6,8,10,24,33,42,4.0
2020-08-08,8,14,18,25,28,48,7.0
2020-08-12,4,20,21,34,35,45,4.0
2020-08-15,16,24,31,40,44,46,0.0
2020-08-19,5,18,22,27,38,48,1.0
2020-08-22,1,2,8,10,29,37,5.0
2020-08-26,3,15,18,26,39,40,3.0
2020-08-29,1,12,19,20,36,48,5.0
2020-09-02,6,10,23,39,45,49,3.0
2020-09-05,1,3,7,13,19,44,5.0
2020-09-09,9,22,24,35,46,49,0.0
2020-09-12,11,16,28,40,41,45,7.0
2020-09-16,8,31,41,43,44,48,8.0
2020-09-19,1,8,23,29,35,38,2.0
2020-09-23,6,19,25,26,32,33,0.0
2020-09-26,6,8,12,22,27,47,7.0
2020-09-30,5,7,20,21,33,43,4.0
2020-10-03,10,13,20,25,33,48,8.0
2020-10-07,5,8,15,37,38,44,0.0
2020-10-10,4,8,16,22,28,33,6.0
2020-10-14,6,14,20,25,26,27,2.0
2020-10-17,2,5,9,16,41,48,8.0
2020-10-21,16,20,23,34,40,47,6.0
2020-10-24,1,6,20,22,24,40,6.0
2020-10-28,2,7,12,23,36,43,4.0
2020-10-31,1,8,11,21,26,28,8.0
2020-11-04,2,7,17,32,43,45,9.0
2020-11-07,24,32,33,36,40,45,4.0
2020-11-11,10,11,19,33,37,38,9.0
2020-11-14,1,10,16,18,20,37,4.0
2020-11-18,8,19,29,35,41,49,7.0
2020-11-21,1,13,14,21,25,39,0.0
2020-11-25,10,11,16,17,18,30,4.0
2020-11-28,2,13,27,28,35,47,8.0
2020-12-02,1,2,32,41,43,44,1.0
2020-12-05,12,15,25,33,41,48,5.0
2020-12-09,3,5,11,13,15,40,2.0
2020-12-12,1,2,3,21,39,45,7.0
2020-12-16,1,2,17,19,22,48,6.0
2020-12-19,3,6,22,31,47,48,0.0
2020-12-23,11,12,13,37,38,39,7.0
2020-12-26,2,5,7,12,13,32,3.0
2020-12-30,5,8,11,40,44,45,9.0
2021-01-02,7,8,16,28,30,34,6.0
2021-01-06,14,21,32,37,38,44,6.0
2021-01-09,7,16,19,20,30,41,5.0
2021-01-13,7,23,26,38,40,43,6.0
2021-01-16,1,5,15,35,37,45,3.0
2021-01-20,5,6,11,31,35,42,0.0
2021-01-23,12,13,16,18,32,49,7.0
2021-01-27,1,4,15,16,44,45,3.0
2021-01-30,6,30,33,36,40,43,1.0
2021-02-03,3,6,10,12,34,47,9.0
2021-02-06,8,12,23,38,41,48,9.0
2021-02-10,5,19,21,27,32,46,6.0
2021-02-13,7,14,15,20,29,47,9.0
2021-02-17,4,10,25,29,40,48,9.0
2021-02-20,3,6,15,26,30,42,4.0
2021-02-24,1,5,13,36,44,46,3.0
2021-02-27,2,4,9,19,23,47,7.0
2021-03-03,1,9,10,23,24,27,4.0
2021-03-06,1,3,7,29,33,35,7.0
2021-03-10,7,8,11,21,30,46,6.0
2021-03-13,4,19,24,44,47,48,8.0
2021-03-17,1,3,18,30,31,41,3.0
2021-03-20,2,12,15,16,17,35,7.0
2021-03-24,4,11,14,23,24,48,4.0
2021-03-27,4,12,13,19,31,46,6.0
2021-03-31,1,12,16,24,31,48,4.0
2021-04-03,5,23,29,34,36,40,6.0
2021-04-07,9,10,18,19,36,37,0.0
2021-04-10,4,6,9,15,27,45,7.0
2021-04-14,2,4,18,19,20,46,5.0
2021-04-17,18,22,25,26,36,48,0.0
2021-04-21,1,18,24,27,37,47,0.0
2021-04-24,1,4,24,25,34,48,1.0
2021-04-28,12,13,21,23,31,46,0.0
2021-05-01,1,15,21,37,42,43,1.0
2021-05-05,4,5,6,10,15,21,8.0
2021-05-08,10,13,22,23,42,47,2.0
2021-05-12,1,2,18,34,42,44,6.0
2021-05-15,2,5,15,25,26,41,1.0
2021-05-19,5,7,14,25,38,45,4.0
2021-05-22,3,8,17,38,40,43,2.0
2021-05-26,2,23,34,35,44,46,7.0
2021-05-29,9,10,16,44,45,46,8.0
2021-06-02,10,14,15,35,39,45,0.0
2021-06-05,5,14,31,35,44,47,1.0
2021-06-09,1,7,17,22,41,49,3.0
2021-06-12,1,5,11,23,29,49,0.0
2021-06-16,1,22,25,28,37,44,7.0
2021-06-19,11,19,21,29,35,36,2.0
2021-06-23,5,6,9,20,33,46,5.0
2021-06-26,13,17,19,24,29,45,0.0
2021-06-30,4,10,15,27,32,47,8.0
2021-07-03,5,9,10,18,20,49,2.0
2021-07-07,2,8,23,29,31,43,9.0
2021-07-10,2,8,25,32,40,47,6.0
2021-07-14,1,12,15,26,33,49,6.0
2021-07-17,17,25,30,33,38,49,9.0
2021-07-21,7,8,18,38,39,48,2.0
2021-07-24,3,8,14,22,23,45,3.0
2021-07-28,8,10,11,19,31,47,3.0
2021-07-31,1,4,8,24,26,39,5.0
2021-08-04,1,3,5,6,30,41,2.0
2021-08-07,9,14,18,19,30,40,3.0
2021-08-11,6,12,22,34,46,49,1.0
2021-08-14,2,17,19,29,39,48,1.0
2021-08-18,7,22,25,27,43,48,6.0
2021-08-21,7,12,15,16,19,23,0.0
2021-08-25,6,9,11,12,24,33,7.0
2021-08-28,11,18,24,25,41,46,7.0
2021-09-01,3,5,16,39,48,49,0.0
2021-09-04,2,5,15,20,39,44,7.0
2021-09-08,13,21,23,30,41,44,3.0
2021-09-11,6,23,25,33,34,43,7.0
2021-09-15,8,21,27,37,40,41,5.0
2021-09-18,6,9,21,34,36,49,2.0
2021-09-22,3,5,13,21,22,31,7.0
2021-09-25,19,20,27,30,41,47,7.0
2021-09-29,11,14,16,31,36,43,4.0
2021-10-02,4,7,10,15,43,46,4.0
2021-10-06,3,8,10,27,29,40,2.0
2021-10-09,1,8,11,17,47,49,3.0
2021-10-13,4,7,10,18,31,35,5.0
2021-10-16,7,20,21,27,29,34,6.0
2021-10-20,7,15,16,24,37,43,5.0
2021-10-23,1,10,19,22,26,28,2.0
2021-10-27,1,16,20,21,25,45,6.0
2021-10-30,6,11,15,31,42,45,4.0
2021-11-03,10,13,14,28,44,49,0.0
2021-11-06,6,9,27,31,41,44,9.0
2021-11-10,6,8,15,16,22,32,7.0
2021-11-13,3,4,6,10,25,42,0.0
2021-11-17,5,15,21,25,28,47,9.0
2021-11-20,8,24,26,31,40,47,7.0
2021-11-24,2,5,9,19,24,25,7.0
2021-11-27,7,14,15,29,36,37,3.0
2021-12-01,5,8,12,13,34,49,7.0
2021-12-04,1,9,31,40,44,46,7.0
2021-12-08,15,16,18,26,39,44,5.0
2021-12-11,1,9,23,40,46,49,0.0
2021-12-15,4,5,10,17,26,28,2.0
2021-12-18,10,16,25,28,43,46,8.0
2021-12-22,13,33,37,40,46,48,6.0
2021-12-25,14,15,27,41,42,46,7.0
2021-12-29,6,10,14,20,31,46,0.0
2022-01-01,10,13,14,15,16,24,2.0
2022-01-05,2,4,6,7,32,41,0.0
2022-01-08,2,17,19,30,32,38,9.0
2022-01-12,10,16,32,33,38,48,4.0
2022-01-15,5,34,42,43,48,49,9.0
2022-01-19,17,19,43,45,48,49,4.0
2022-01-22,5,7,9,13,46,49,5.0
2022-01-26,3,8,15,19,23,41,6.0
2022-01-29,2,3,15,17,24,26,7.0
2022-02-02,20,27,28,33,40,44,1.0
2022-02-05,4,17,19,26,39,45,3.0
2022-02-09,16,25,26,32,33,45,3.0
2022-02-12,2,13,17,31,39,48,6.0
2022-02-16,7,16,29,30,33,43,4.0
2022-02-19,2,3,10,24,27,45,3.0
2022-02-23,5,7,11,15,24,47,2.0
2022-02-26,6,16,33,43,45,49,7.0
2022-03-02,3,5,15,39,44,49,7.0
2022-03-05,10,22,25,26,28,41,0.0
2022-03-09,8,18,19,28,36,38,4.0
2022-03-12,1,9,20,32,35,36,1.0
2022-03-16,1,6,8,16,19,40,0.0
2022-03-19,1,5,17,26,28,41,5.0
2022-03-23,3,12,15,30,39,43,8.0
2022-03-26,14,16,19,45,46,48,4.0
2022-03-30,6,12,13,27,34,41,3.0
2022-04-02,14,37,38,40,46,49,2.0
2022-04-06,2,19,22,24,29,31,6.0
2022-04-09,5,17,27,33,43,45,6.0
2022-04-13,2,7,22,29,42,46,2.0
2022-04-16,7,8,14,19,24,44,4.0
2022-04-20,10,16,19,20,35,44,3.0
2022-04-23,13,29,32,34,38,47,6.0
2022-04-27,3,17,19,25,40,46,8.0
2022-04-30,2,14,20,25,44,48,1.0
2022-05-04,3,4,11,31,41,49,2.0
2022-05-07,5,14,26,34,35,43,2.0
2022-05-11,2,24,25,27,28,45,4.0
2022-05-14,25,30,34,37,39,49,9.0
2022-05-18,8,10,25,41,43,45,6.0
2022-05-21,1,3,4,19,30,44,4.0
2022-05-25,1,5,15,28,32,45,5.0
2022-05-28,1,4,10,20,25,36,1.0
2022-06-01,2,4,9,32,42,48,9.0
2022-06-04,6,11,23,33,34,42,4.0
2022-06-08,1,4,11,33,34,48,1.0
2022-06-11,11,17,22,25,29,44,8.0
2022-06-15,11,21,29,30,44,47,0.0
2022-06-18,18,23,26,37,45,46,2.0
2022-06-22,7,23,29,34,36,46,5.0
2022-06-25,2,4,21,28,33,43,5.0
2022-06-29,21,22,24,40,45,48,8.0
2022-07-02,7,8,9,20,37,45,7.0
2022-07-06,1,26,38,41,47,48,6.0
2022-07-09,4,19,23,40,41,43,6.0
2022-07-13,10,11,29,30,45,47,8.0
2022-07-16,15,17,20,22,23,26,8.0
2022-07-20,2,3,36,42,43,49,2.0
2022-07-23,6,7,13,35,47,49,3.0
2022-07-27,1,16,23,28,29,46,0.0
2022-07-30,8,19,25,27,33,34,6.0
2022-08-03,5,11,13,21,40,43,9.0
2022-08-06,1,8,16,27,30,46,7.0
2022-08-10,10,18,22,24,26,27,2.0
2022-08-13,6,7,16,20,28,36,6.0
2022-08-17,1,17,29,34,44,46,0.0
2022-08-20,12,19,26,32,36,40,1.0
2022-08-24,7,15,26,34,40,49,6.0
2022-08-27,7,16,18,32,39,46,5.0
2022-08-31,1,5,11,18,24,37,7.0
2022-09-03,3,6,36,39,43,49,2.0
2022-09-07,8,11,14,16,40,41,3.0
2022-09-10,1,2,12,13,26,42,9.0
2022-09-14,2,9,11,16,39,48,5.0
2022-09-17,2,3,6,18,37,46,5.0
2022-09-21,7,8,24,30,36,48,8.0
2022-09-24,6,10,12,13,15,41,5.0
2022-09-28,4,12,13,33,44,49,6.0
2022-10-01,1,3,19,37,43,49,0.0
2022-10-05,9,10,17,37,38,49,5.0
2022-10-08,7,8,15,36,38,49,7.0
2022-10-12,16,21,26,35,48,49,2.0
2022-10-15,11,29,32,37,43,48,7.0
2022-10-19,1,15,23,36,40,49,2.0
2022-10-22,1,4,14,24,31,46,1.0
2022-10-26,16,21,23,24,32,46,1.0
2022-10-29,5,9,11,13,20,34,7.0
2022-11-02,9,15,16,17,21,48,1.0
2022-11-05,12,27,32,35,39,42,8.0
2022-11-09,2,16,29,32,47,49,5.0
2022-11-12,4,7,12,14,21,47,6.0
2022-11-16,1,9,11,30,35,37,8.0
2022-11-19,4,13,20,21,34,42,0.0
2022-11-23,1,22,25,29,31,49,0.0
2022-11-26,11,24,31,32,34,48,2.0
2022-11-30,1,2,10,32,42,43,8.0
2022-12-03,4,10,29,41,42,45,7.0
2022-12-07,4,14,16,30,37,39,8.0
2022-12-10,3,5,17,23,26,31,8.0
2022-12-14,10,30,32,43,46,48,3.0
2022-12-17,1,3,37,42,44,45,3.0
2022-12-21,2,22,24,42,47,49,1.0
2022-12-24,7,18,28,29,37,41,3.0
2022-12-28,4,14,17,27,29,42,3.0
2022-12-31,4,13,16,18,32,46,8.0
2023-01-04,19,29,31,34,37,47,0.0
2023-01-07,10,11,18,20,26,40,2.0
2023-01-11,17,21,24,25,32,48,5.0
2023-01-14,6,12,24,38,42,43,3.0
2023-01-18,1,8,21,25,37,46,9.0
2023-01-21,4,19,24,43,44,45,7.0
2023-01-25,6,11,12,20,25,37,2.0
2023-01-28,5,14,20,30,38,44,8.0
2023-02-01,6,20,34,36,40,49,5.0
2023-02-04,29,31,33,34,35,37,8.0
2023-02-08,8,14,17,21,39,44,9.0
2023-02-11,9,11,12,19,28,30,3.0
2023-02-15,19,22,26,33,37,45,6.0
2023-02-18,7,28,36,40,43,49,8.0
2023-02-22,4,6,9,27,44,46,8.0
2023-02-25,5,12,23,26,33,48,4.0
2023-03-01,8,14,21,23,28,47,9.0
2023-03-04,1,7,8,21,45,48,0.0
2023-03-08,5,23,25,26,32,43,2.0
2023-03-11,17,20,22,23,27,32,7.0
2023-03-15,3,17,19,34,39,44,8.0
2023-03-18,3,5,9,23,27,44,9.0
2023-03-22,19,28,33,35,38,40,3.0
2023-03-25,10,15,16,21,35,36,5.0
2023-03-29,2,19,37,40,43,48,5.0
2023-04-01,27,28,33,36,42,45,9.0
2023-04-05,4,6,15,29,41,47,5.0
2023-04-08,2,16,26,34,40,49,3.0
2023-04-12,7,20,28,33,34,44,8.0
2023-04-15,7,12,22,33,34,43,1.0
2023-04-19,3,14,16,18,31,36,6.0
2023-04-22,13,21,26,34,41,48,7.0
2023-04-26,1,3,18,25,41,49,7.0
2023-04-29,9,13,14,23,24,40,0.0
2023-05-03,14,15,16,37,42,47,1.0
2023-05-06,7,9,18,19,31,47,9.0
2023-05-10,10,14,23,25,44,49,8.0
2023-05-13,1,4,12,26,28,39,1.0
2023-05-17,2,26,29,31,36,45,6.0
2023-05-20,5,6,24,33,34,42,3.0
2023-05-24,1,6,7,9,16,43,5.0
2023-05-27,3,7,12,18,28,34,4.0
2023-05-31,22,30,35,39,41,45,6.0
2023-06-03,1,4,6,18,23,30,0.0
2023-06-07,17,19,30,33,40,49,6.0
2023-06-10,12,16,24,28,30,37,0.0
2023-06-14,12,15,17,21,29,44,5.0
2023-06-17,2,15,19,22,32,43,4.0
2023-06-21,6,12,19,22,43,47,6.0
2023-06-24,4,24,26,31,42,43,4.0
2023-06-28,5,18,28,30,34,37,1.0
2023-07-01,13,18,24,27,38,43,3.0
2023-07-05,2,16,20,23,34,44,3.0
2023-07-08,3,14,25,29,37,44,0.0
2023-07-12,2,7,9,19,21,30,2.0
2023-07-15,6,8,11,17,30,39,1.0
2023-07-19,4,19,25,32,33,34,4.0
2023-07-22,2,15,31,37,40,41,3.0
2023-07-26,7,21,23,32,35,45,3.0
2023-07-29,3,10,19,33,41,45,6.0
2023-08-02,7,21,23,29,30,44,4.0
2023-08-05,4,22,23,35,42,49,4.0
2023-08-09,16,24,29,33,35,37,7.0
2023-08-12,19,20,24,33,40,43,3.0
2023-08-16,4,5,14,19,26,41,8.0
2023-08-19,10,17,22,31,36,37,6.0
2023-08-23,9,10,13,26,28,45,6.0
2023-08-26,7,12,36,37,39,42,2.0
2023-08-30,23,32,42,43,46,48,1.0
2023-09-02,22,25,27,28,34,47,0.0
2023-09-06,3,6,8,13,20,47,2.0
2023-09-09,2,22,25,28,42,48,5.0
2023-09-13,14,15,18,27,28,41,3.0
2023-09-16,19,30,32,36,41,46,2.0
2023-09-20,3,18,21,24,33,42,2.0
2023-09-23,11,12,17,32,33,39,3.0
2023-09-27,2,9,19,22,40,41,8.0
2023-09-30,1,17,20,36,42,45,0.0
2023-10-04,18,19,28,38,43,46,9.0
2023-10-07,11,14,22,23,32,42,0.0
2023-10-11,3,16,25,30,31,42,3.0
2023-10-14,8,10,22,29,31,35,7.0
2023-10-18,15,16,31,42,45,47,2.0
2023-10-21,3,9,10,14,33,37,9.0
2023-10-25,1,4,10,25,31,49,7.0
2023-10-28,1,5,7,26,32,38,3.0
2023-11-01,8,20,26,33,43,49,5.0
2023-11-04,1,6,16,20,23,27,4.0
2023-11-08,1,12,18,34,39,48,8.0
2023-11-11,9,25,26,40,45,49,7.0
2023-11-15,8,13,14,22,25,29,1.0
2023-11-18,10,18,23,27,28,38,4.0
2023-11-22,3,4,20,25,30,41,9.0
2023-11-25,3,27,32,35,38,47,5.0
2023-11-29,3,22,25,29,45,49,7.0
2023-12-02,10,24,29,35,36,47,4.0
2023-12-06,2,15,27,42,43,45,1.0
2023-12-09,16,21,30,38,42,48,9.0
2023-12-13,10,11,22,27,31,39,1.0
2023-12-16,2,7,12,22,31,48,3.0
2023-12-20,4,17,18,25,31,44,9.0
2023-12-23,1,4,8,12,17,22,2.0
2023-12-27,6,9,17,33,41,44,9.0
2023-12-30,4,26,41,44,47,48,7.0
2024-01-03,14,25,28,32,36,49,4.0
2024-01-06,3,5,14,18,34,47,7.0
2024-01-10,3,7,21,24,37,49,9.0
2024-01-13,1,6,8,26,27,48,6.0
2024-01-17,6,9,13,30,40,44,6.0
2024-01-20,1,8,11,25,45,49,4.0
2024-01-24,9,10,19,29,35,39,1.0
2024-01-27,14,20,24,29,33,43,4.0
2024-01-31,11,24,28,29,40,43,7.0
2024-02-03,3,14,19,21,23,24,5.0
2024-02-07,1,8,15,19,26,31,0.0
2024-02-10,1,19,33,37,39,47,6.0
2024-02-14,17,34,35,43,46,48,4.0
2024-02-17,8,23,31,34,36,40,0.0
2024-02-21,7,8,23,30,33,40,3.0
2024-02-24,2,21,28,34,40,49,2.0
2024-02-28,1,4,22,26,28,37,3.0
2024-03-02,6,8,18,26,33,37,2.0
2024-03-06,8,11,17,23,40,42,3.0
2024-03-09,1,5,10,20,41,48,8.0
2024-03-13,10,11,18,29,31,39,5.0
2024-03-16,5,16,19,25,40,48,3.0
2024-03-20,7,9,16,24,40,45,8.0
2024-03-23,1,4,21,32,38,40,7.0
2024-03-27,2,13,20,32,41,44,2.0
2024-03-30,5,10,16,21,27,33,0.0
2024-04-03,2,3,29,31,35,36,9.0
2024-04-06,7,11,13,20,35,41,0.0
2024-04-10,7,8,13,43,47,49,2.0
2024-04-13,3,6,10,32,33,47,0.0
2024-04-17,9,16,34,37,40,47,2.0
2024-04-20,7,17,28,35,44,49,3.0
2024-04-24,12,13,15,19,25,29,7.0
2024-04-27,8,27,43,45,46,48,0.0
2024-05-01,6,26,31,36,37,41,1.0
2024-05-04,9,10,27,29,38,47,1.0
2024-05-08,3,23,27,30,31,40,8.0
2024-05-11,5,22,25,29,30,36,0.0
2024-05-15,9,10,28,31,44,46,9.0
2024-05-18,1,2,28,36,43,49,0.0
2024-05-22,8,9,10,15,38,47,4.0
2024-05-25,8,15,24,32,38,41,5.0
2024-05-29,3,5,11,12,28,44,6.0
2024-06-01,8,9,10,27,35,41,0.0
2024-06-05,10,11,16,19,26,33,5.0
2024-06-08,5,10,15,22,31,40,9.0
2024-06-12,5,9,10,11,22,46,2.0
2024-06-15,3,16,30,31,38,49,8.0
2024-06-19,1,4,12,30,32,43,4.0
2024-06-22,8,9,11,21,25,30,1.0
2024-06-26,7,17,30,35,36,39,9.0
2024-06-29,11,15,16,19,30,35,3.0
2024-07-03,3,18,30,33,34,39,8.0
2024-07-06,1,6,13,29,35,49,6.0
2024-07-10,2,12,17,22,27,43,7.0
2024-07-13,9,10,17,25,37,42,0.0
2024-07-17,5,8,9,22,30,33,6.0
2024-07-20,5,8,19,29,30,35,5.0
2024-07-24,4,5,24,38,39,47,3.0
2024-07-27,4,20,23,25,27,34,3.0
2024-07-31,2,8,13,18,25,33,1.0
2024-08-03,1,10,12,14,31,44,1.0
2024-08-07,3,9,15,16,33,37,5.0
2024-08-10,5,14,19,20,26,43,2.0
2024-08-14,3,8,9,15,22,26,4.0
2024-08-17,2,27,35,40,45,46,5.0
2024-08-21,9,13,25,32,37,40,0.0
2024-08-24,4,12,24,26,29,47,8.0
2024-08-28,2,5,22,25,27,46,5.0
2024-08-31,6,11,21,24,44,48,9.0
2024-09-04,3,10,16,27,45,48,2.0
2024-09-07,5,8,14,26,32,43,8.0
2024-09-11,5,9,18,28,33,49,8.0
2024-09-14,2,10,14,23,25,31,2.0
2024-09-18,9,28,31,41,43,44,3.0
2024-09-21,11,18,28,30,43,46,9.0
2024-09-25,4,9,11,27,28,46,1.0
2024-09-28,6,16,17,26,30,33,6.0
2024-10-02,4,5,18,23,26,41,9.0
2024-10-05,5,10,12,28,40,44,8.0
2024-10-09,8,15,24,34,38,46,3.0
2024-10-12,5,14,15,33,40,43,5.0
2024-10-16,4,5,9,22,47,48,0.0
2024-10-19,1,8,19,31,41,43,3.0
2024-10-23,10,18,25,37,40,49,1.0
2024-10-26,5,8,16,21,43,49,8.0
2024-10-30,2,7,21,25,32,46,9.0
2024-11-02,8,9,17,20,37,40,2.0
2024-11-06,14,17,28,33,40,44,3.0
2024-11-09,2,18,33,39,40,47,7.0
2024-11-13,6,24,36,38,44,47,0.0
2024-11-16,11,14,15,19,39,40,4.0
2024-11-20,7,15,25,26,34,45,6.0
2024-11-23,3,8,17,26,42,44,6.0
2024-11-27,7,12,16,30,34,39,4.0
2024-11-30,7,13,33,37,38,42,0.0
2024-12-04,5,14,18,29,36,41,3.0
2024-12-07,6,15,19,30,32,37,9.0
2024-12-11,14,15,30,34,35,49,5.0
2024-12-14,1,4,9,14,27,44,3.0
2024-12-18,2,6,22,30,37,42,6.0
2024-12-21,3,6,8,34,39,44,5.0
2024-12-25,5,7,9,24,44,48,0.0
2024-12-28,7,13,18,28,40,44,5.0
2025-01-01,3,7,15,18,26,33,2.0
2025-01-04,2,6,24,30,36,45,2.0
2025-01-08,9,27,28,30,45,49,6.0
2025-01-11,10,22,26,27,30,33,8.0
2025-01-15,1,13,30,36,38,41,6.0
2025-01-18,3,12,16,20,26,33,3.0
2025-01-22,9,31,34,35,40,41,4.0
2025-01-25,10,11,25,36,48,49,2.0
2025-01-29,7,16,25,35,41,48,2.0
2025-02-01,8,9,11,22,25,27,8.0
2025-02-05,1,9,14,15,18,30,8.0
2025-02-08,13,16,20,27,47,49,2.0
2025-02-12,5,12,30,39,43,47,5.0
2025-02-15,2,18,23,29,43,48,7.0
2025-02-19,4,8,10,25,28,44,3.0
2025-02-22,6,8,12,26,28,34,0.0
2025-02-26,12,17,22,24,29,45,7.0
2025-03-01,11,25,26,30,36,44,8.0
2025-03-05,4,22,26,29,45,46,7.0
2025-03-08,13,25,26,27,41,44,5.0
2025-03-12,2,14,26,37,38,46,2.0
2025-03-15,6,11,30,35,36,47,0.0
2025-03-19,9,13,29,30,32,38,8.0
2025-03-22,11,20,28,30,35,41,3.0
2025-03-26,3,12,16,19,22,41,4.0
2025-03-29,18,25,31,39,46,47,6.0
2025-04-02,5,14,19,20,25,48,6.0
2025-04-05,10,12,21,35,40,41,9.0
2025-04-09,16,24,31,34,37,40,1.0
2025-04-12,14,15,18,20,29,36,5.0
2025-04-16,2,10,13,32,37,49,6.0
2025-04-19,12,20,31,37,41,47,7.0
2025-04-23,5,7,11,13,21,38,1.0
2025-04-26,4,9,13,26,41,44,1.0
2025-04-30,8,18,19,36,38,42,2.0
2025-05-03,20,25,28,37,44,48,9.0
2025-05-07,5,9,12,16,19,28,8.0
2025-05-10,17,23,32,34,46,48,2.0
2025-05-14,3,5,15,36,44,46,7.0
2025-05-17,4,12,15,21,34,36,9.0
2025-05-21,3,4,20,21,28,30,2.0
2025-05-24,5,10,11,12,33,35,2.0
2025-05-28,8,19,20,25,37,49,7.0
2025-05-31,1,13,14,20,21,36,0.0
2025-06-04,13,23,28,30,35,38,6.0
2025-06-07,13,17,23,25,40,46,9.0
2025-06-11,2,9,14,29,34,39,2.0
2025-06-14,3,19,24,28,30,39,8.0
2025-06-18,4,12,20,21,30,33,0.0
2025-06-21,7,12,16,19,30,36,7.0
2025-06-25,21,27,35,42,45,46,5.0
2025-06-28,7,10,11,20,23,37,2.0
2025-07-02,13,17,39,40,44,45,6.0
2025-07-05,1,8,29,37,42,44,0.0
2025-07-09,1,6,15,28,47,48,7.0
2025-07-12,10,20,23,26,31,44,7.0
2025-07-16,27,34,39,43,44,48,6.0
2025-07-19,4,6,12,35,36,40,2.0
2025-07-23,4,13,15,19,26,27,8.0
2025-07-26,6,7,17,28,37,42,7.0
2025-07-30,1,19,24,28,39,45,6.0
2025-08-02,9,14,17,20,27,48,4.0
2025-08-06,4,17,20,32,35,42,8.0
2025-08-09,1,6,8,20,22,46,9.0
2025-08-13,9,11,13,30,41,46,3.0
2025-08-16,10,21,33,35,36,44,6.0
2025-08-20,4,19,21,38,39,47,2.0
2025-08-23,3,9,13,21,23,27,9.0
2025-08-27,8,22,35,41,43,48,4.0
2025-08-30,5,11,13,39,42,48,6.0
2025-09-03,7,8,30,35,39,44,9.0
2025-09-06,2,4,16,29,44,45,1.0
2025-09-10,3,15,17,21,22,37,1.0
2025-09-13,2,8,15,23,25,43,0.0
2025-09-17,20,21,22,27,37,44,7.0
2025-09-20,6,13,15,19,43,44,4.0
2025-09-24,9,14,16,29,31,48,8.0
2025-09-27,8,11,14,20,36,38,5.0
2025-10-01,9,12,14,32,37,41,1.0
2025-10-04,2,11,12,23,29,37,6.0
2025-10-08,6,7,10,20,40,42,0.0
2025-10-11,13,17,22,23,28,36,1.0
2025-10-15,4,5,6,7,13,21,1.0
2025-10-18,2,18,25,42,44,47,9.0
2025-10-22,4,14,19,26,35,40,0.0
2025-10-25,16,17,23,30,39,42,9.0
2025-10-29,5,7,9,31,43,46,9.0
2025-11-01,7,18,28,29,35,38,9.0
2025-11-05,8,20,28,33,37,49,6.0
2025-11-08,2,10,16,26,39,44,0.0
2025-11-12,6,11,20,28,36,46,7.0
2025-11-15,6,9,12,13,32,39,9.0
2025-11-19,4,7,18,26,37,48,6.0
2025-11-22,15,18,21,29,32,33,5.0
2025-11-26,2,9,24,28,29,39,8.0
2025-11-29,1,13,16,22,25,44,0.0
2025-12-03,21,27,29,37,44,49,6.0
2025-12-06,15,26,27,33,35,37,2.0
2025-12-10,3,11,12,13,17,24,8.0
2025-12-13,6,11,21,32,37,45,3.0
2025-12-17,6,13,25,26,32,37,2.0
2025-12-20,12,23,32,33,40,42,5.0
2025-12-24,7,8,25,32,37,39,8.0
2025-12-27,7,10,27,28,38,46,6.0
2025-12-31,3,5,7,28,36,41,5.0
2026-01-03,3,8,11,12,16,46,8.0
2026-01-07,15,18,29,32,36,47,0.0
2026-01-10,1,4,7,9,13,29,6.0
2026-01-14,18,21,23,25,26,48,1.0
2026-01-17,12,21,22,37,46,49,1.0
2026-01-21,4,5,10,15,24,27,7.0
2026-01-24,1,7,28,32,47,49,1.0
2026-01-28,9,11,25,35,37,44,3.0
2026-01-31,8,19,30,37,38,49,3.0
2026-02-04,9,11,16,22,27,37,0.0
2026-02-07,7,11,20,25,28,49,7.0
2026-02-11,8,9,18,20,37,40,3.0
2026-02-14,3,9,19,20,40,43,7.0
2026-02-18,10,15,19,20,29,48,8.0
2026-02-21,2,8,9,29,39,44,6.0
2026-02-25,9,13,25,30,37,46,8.0
2026-02-28,1,6,19,33,44,45,8.0
2026-03-04,1,15,17,24,37,40,3.0
2026-03-07,5,16,20,38,39,41,4.0
2026-03-11,17,21,26,32,35,37,0.0
2026-03-14,19,20,28,32,44,45,0.0
2026-03-18,10,13,20,35,43,49,0.0
2026-03-21,2,7,19,24,29,43,2.0
2026-03-25,7,12,29,30,46,49,5.0
2026-03-28,5,20,24,33,34,42,1.0
2026-04-01,8,10,11,14,22,48,1.0
2026-04-04,6,15,18,23,28,48,2.0
2026-04-08,2,5,14,16,23,36,8.0
2026-04-11,17,23,32,33,34,46,0.0
2026-04-15,3,17,25,28,40,42,0.0
2026-04-18,18,28,34,37,44,48,4.0
2026-04-22,15,26,27,35,42,47,5.0
2026-04-25,6,12,15,20,35,49,9.0
2026-04-29,1,15,25,37,43,47,4.0
2026-05-02,1,5,9,20,21,32,5.0
2026-05-06,10,13,19,38,40,48,2.0
2026-05-09,2,3,12,36,39,43,8.0
2026-05-13,13,15,20,26,31,43,7.0
2026-05-16,7,11,20,23,27,30,9.0
2026-05-20,3,14,34,39,46,48,5.0
2026-05-23,2,6,8,11,14,39,7.0
2026-05-27,16,26,30,41,44,47,1.0
2026-05-30,3,10,14,27,41,48,2.0
2026-06-03,4,6,24,26,41,44,9.0
2026-06-06,8,16,17,23,30,32,8.0
2026-06-10,11,15,16,28,39,42,7.0
2026-06-13,4,13,16,20,24,43,8.0
2026-06-17,3,4,20,26,27,39,9.0
2026-06-20,2,8,13,15,27,35,3.0
2026-06-24,25,36,40,43,44,49,3.0
2026-06-27,26,32,35,39,47,49,8.0
2026-07-01,2,4,5,13,41,48,4.0
2026-07-04,7,10,28,31,36,37,5.0
2026-07-08,15,28,30,31,37,45,5.0
2026-07-11,1,4,6,20,41,48,3.0
2026-07-15,7,11,35,37,39,42,1.0
2026-07-18,5,17,33,35,39,47,6.0
2026-07-22,3,5,10,14,25,49,3.0
2026-07-25,18,21,31,36,42,44,3.0
2026-07-29,3,16,22,43,48,49,8.0
2026-08-01,19,20,22,25,31,42,8.0
2026-08-05,15,23,24,36,44,49,0.0
2026-08-08,2,8,22,30,38,43,4.0
2026-08-12,7,20,22,27,29,39,2.0
